,mae_name,C,gamma,tol,eps,mae
0,SVR_0.005_1e-05_1e-07_1e-05,0.005,1e-05,1e-07,1e-05,0.00036484969016492563
1,SVR_0.005_1e-05_1e-07_0.0001,0.005,1e-05,1e-07,0.0001,0.0003709113632621719
2,SVR_0.005_1e-05_1e-07_0.001,0.005,1e-05,1e-07,0.001,0.0006567689298282442
3,SVR_0.005_1e-05_1e-07_0.01,0.005,1e-05,1e-07,0.01,0.0029924869646532405
4,SVR_0.005_1e-05_1e-06_1e-05,0.005,1e-05,1e-06,1e-05,0.0003644558529693587
5,SVR_0.005_1e-05_1e-06_0.0001,0.005,1e-05,1e-06,0.0001,0.00037104385439361564
6,SVR_0.005_1e-05_1e-06_0.001,0.005,1e-05,1e-06,0.001,0.000656725771514255
7,SVR_0.005_1e-05_1e-06_0.01,0.005,1e-05,1e-06,0.01,0.0029924869646532405
8,SVR_0.005_1e-05_9.999999999999999e-06_1e-05,0.005,1e-05,9.999999999999999e-06,1e-05,0.0003618036252968082
9,SVR_0.005_1e-05_9.999999999999999e-06_0.0001,0.005,1e-05,9.999999999999999e-06,0.0001,0.00037040935196106515
10,SVR_0.005_1e-05_9.999999999999999e-06_0.001,0.005,1e-05,9.999999999999999e-06,0.001,0.0006593946355189839
11,SVR_0.005_1e-05_9.999999999999999e-06_0.01,0.005,1e-05,9.999999999999999e-06,0.01,0.0029924869646532405
12,SVR_0.005_1e-05_9.999999999999999e-05_1e-05,0.005,1e-05,9.999999999999999e-05,1e-05,0.0003793831562493466
13,SVR_0.005_1e-05_9.999999999999999e-05_0.0001,0.005,1e-05,9.999999999999999e-05,0.0001,0.0003823549322365949
14,SVR_0.005_1e-05_9.999999999999999e-05_0.001,0.005,1e-05,9.999999999999999e-05,0.001,0.0006338543027655241
15,SVR_0.005_1e-05_9.999999999999999e-05_0.01,0.005,1e-05,9.999999999999999e-05,0.01,0.0029924869646532405
16,SVR_0.005_1e-05_0.001_1e-05,0.005,1e-05,0.001,1e-05,0.00038690081914181105
17,SVR_0.005_1e-05_0.001_0.0001,0.005,1e-05,0.001,0.0001,0.0003866122631209112
18,SVR_0.005_1e-05_0.001_0.001,0.005,1e-05,0.001,0.001,0.0003747162851955199
19,SVR_0.005_1e-05_0.001_0.01,0.005,1e-05,0.001,0.01,0.0029924869646532405
20,SVR_0.005_1e-05_0.01_1e-05,0.005,1e-05,0.01,1e-05,0.0009418000194354459
21,SVR_0.005_1e-05_0.01_0.0001,0.005,1e-05,0.01,0.0001,0.0009418000194354459
22,SVR_0.005_1e-05_0.01_0.001,0.005,1e-05,0.01,0.001,0.0009418000194354459
23,SVR_0.005_1e-05_0.01_0.01,0.005,1e-05,0.01,0.01,0.0029924869646532405
24,SVR_0.005_1e-05_0.1_1e-05,0.005,1e-05,0.1,1e-05,0.0029924869646532405
25,SVR_0.005_1e-05_0.1_0.0001,0.005,1e-05,0.1,0.0001,0.0029924869646532405
26,SVR_0.005_1e-05_0.1_0.001,0.005,1e-05,0.1,0.001,0.0029924869646532405
27,SVR_0.005_1e-05_0.1_0.01,0.005,1e-05,0.1,0.01,0.0029924869646532405
28,SVR_0.005_0.0001_1e-07_1e-05,0.005,0.0001,1e-07,1e-05,0.00028127014510310745
29,SVR_0.005_0.0001_1e-07_0.0001,0.005,0.0001,1e-07,0.0001,0.00026797382258703095
30,SVR_0.005_0.0001_1e-07_0.001,0.005,0.0001,1e-07,0.001,0.0005468279026795919
31,SVR_0.005_0.0001_1e-07_0.01,0.005,0.0001,1e-07,0.01,0.0029924869646532405
32,SVR_0.005_0.0001_1e-06_1e-05,0.005,0.0001,1e-06,1e-05,0.00028153153319285804
33,SVR_0.005_0.0001_1e-06_0.0001,0.005,0.0001,1e-06,0.0001,0.00026776136656456726
34,SVR_0.005_0.0001_1e-06_0.001,0.005,0.0001,1e-06,0.001,0.0005467664820741014
35,SVR_0.005_0.0001_1e-06_0.01,0.005,0.0001,1e-06,0.01,0.0029924869646532405
36,SVR_0.005_0.0001_9.999999999999999e-06_1e-05,0.005,0.0001,9.999999999999999e-06,1e-05,0.0002820928905427511
37,SVR_0.005_0.0001_9.999999999999999e-06_0.0001,0.005,0.0001,9.999999999999999e-06,0.0001,0.00026625665657968866
38,SVR_0.005_0.0001_9.999999999999999e-06_0.001,0.005,0.0001,9.999999999999999e-06,0.001,0.0005463947685727
39,SVR_0.005_0.0001_9.999999999999999e-06_0.01,0.005,0.0001,9.999999999999999e-06,0.01,0.0029924869646532405
40,SVR_0.005_0.0001_9.999999999999999e-05_1e-05,0.005,0.0001,9.999999999999999e-05,1e-05,0.00027705043214178995
41,SVR_0.005_0.0001_9.999999999999999e-05_0.0001,0.005,0.0001,9.999999999999999e-05,0.0001,0.0002552147990170006
42,SVR_0.005_0.0001_9.999999999999999e-05_0.001,0.005,0.0001,9.999999999999999e-05,0.001,0.0005254697052910374
43,SVR_0.005_0.0001_9.999999999999999e-05_0.01,0.005,0.0001,9.999999999999999e-05,0.01,0.0029924869646532405
44,SVR_0.005_0.0001_0.001_1e-05,0.005,0.0001,0.001,1e-05,0.00033445034644095093
45,SVR_0.005_0.0001_0.001_0.0001,0.005,0.0001,0.001,0.0001,0.00032895011677234185
46,SVR_0.005_0.0001_0.001_0.001,0.005,0.0001,0.001,0.001,0.0003212400836841045
47,SVR_0.005_0.0001_0.001_0.01,0.005,0.0001,0.001,0.01,0.0029924869646532405
48,SVR_0.005_0.0001_0.01_1e-05,0.005,0.0001,0.01,1e-05,0.0010195063239642366
49,SVR_0.005_0.0001_0.01_0.0001,0.005,0.0001,0.01,0.0001,0.0010195063239642366
50,SVR_0.005_0.0001_0.01_0.001,0.005,0.0001,0.01,0.001,0.0010398684348287724
51,SVR_0.005_0.0001_0.01_0.01,0.005,0.0001,0.01,0.01,0.0029924869646532405
52,SVR_0.005_0.0001_0.1_1e-05,0.005,0.0001,0.1,1e-05,0.0029924869646532405
53,SVR_0.005_0.0001_0.1_0.0001,0.005,0.0001,0.1,0.0001,0.0029924869646532405
54,SVR_0.005_0.0001_0.1_0.001,0.005,0.0001,0.1,0.001,0.0029924869646532405
55,SVR_0.005_0.0001_0.1_0.01,0.005,0.0001,0.1,0.01,0.0029924869646532405
56,SVR_0.005_0.001_1e-07_1e-05,0.005,0.001,1e-07,1e-05,0.00017596375973494283
57,SVR_0.005_0.001_1e-07_0.0001,0.005,0.001,1e-07,0.0001,0.00024475934431555935
58,SVR_0.005_0.001_1e-07_0.001,0.005,0.001,1e-07,0.001,0.0004518789135700807
59,SVR_0.005_0.001_1e-07_0.01,0.005,0.001,1e-07,0.01,0.0029924869646532405
60,SVR_0.005_0.001_1e-06_1e-05,0.005,0.001,1e-06,1e-05,0.00017586298670368983
61,SVR_0.005_0.001_1e-06_0.0001,0.005,0.001,1e-06,0.0001,0.00024468902729992694
62,SVR_0.005_0.001_1e-06_0.001,0.005,0.001,1e-06,0.001,0.0004518654891776386
63,SVR_0.005_0.001_1e-06_0.01,0.005,0.001,1e-06,0.01,0.0029924869646532405
64,SVR_0.005_0.001_9.999999999999999e-06_1e-05,0.005,0.001,9.999999999999999e-06,1e-05,0.00017439057267427672
65,SVR_0.005_0.001_9.999999999999999e-06_0.0001,0.005,0.001,9.999999999999999e-06,0.0001,0.0002444792742040125
66,SVR_0.005_0.001_9.999999999999999e-06_0.001,0.005,0.001,9.999999999999999e-06,0.001,0.00045130320000388304
67,SVR_0.005_0.001_9.999999999999999e-06_0.01,0.005,0.001,9.999999999999999e-06,0.01,0.0029924869646532405
68,SVR_0.005_0.001_9.999999999999999e-05_1e-05,0.005,0.001,9.999999999999999e-05,1e-05,0.0001596083532699133
69,SVR_0.005_0.001_9.999999999999999e-05_0.0001,0.005,0.001,9.999999999999999e-05,0.0001,0.00024196278696608786
70,SVR_0.005_0.001_9.999999999999999e-05_0.001,0.005,0.001,9.999999999999999e-05,0.001,0.00046892720157041266
71,SVR_0.005_0.001_9.999999999999999e-05_0.01,0.005,0.001,9.999999999999999e-05,0.01,0.0029924869646532405
72,SVR_0.005_0.001_0.001_1e-05,0.005,0.001,0.001,1e-05,0.00019729831706323254
73,SVR_0.005_0.001_0.001_0.0001,0.005,0.001,0.001,0.0001,0.0001942048260549889
74,SVR_0.005_0.001_0.001_0.001,0.005,0.001,0.001,0.001,0.0004983945894080133
75,SVR_0.005_0.001_0.001_0.01,0.005,0.001,0.001,0.01,0.0029924869646532405
76,SVR_0.005_0.001_0.01_1e-05,0.005,0.001,0.01,1e-05,0.0014072602454511696
77,SVR_0.005_0.001_0.01_0.0001,0.005,0.001,0.01,0.0001,0.0014072602454511696
78,SVR_0.005_0.001_0.01_0.001,0.005,0.001,0.01,0.001,0.001214622277920574
79,SVR_0.005_0.001_0.01_0.01,0.005,0.001,0.01,0.01,0.0029924869646532405
80,SVR_0.005_0.001_0.1_1e-05,0.005,0.001,0.1,1e-05,0.0029924869646532405
81,SVR_0.005_0.001_0.1_0.0001,0.005,0.001,0.1,0.0001,0.0029924869646532405
82,SVR_0.005_0.001_0.1_0.001,0.005,0.001,0.1,0.001,0.0029924869646532405
83,SVR_0.005_0.001_0.1_0.01,0.005,0.001,0.1,0.01,0.0029924869646532405
84,SVR_0.005_0.01_1e-07_1e-05,0.005,0.01,1e-07,1e-05,0.001198160025819872
85,SVR_0.005_0.01_1e-07_0.0001,0.005,0.01,1e-07,0.0001,0.0012529705270282409
86,SVR_0.005_0.01_1e-07_0.001,0.005,0.01,1e-07,0.001,0.0012876514563797236
87,SVR_0.005_0.01_1e-07_0.01,0.005,0.01,1e-07,0.01,0.0029924869646532405
88,SVR_0.005_0.01_1e-06_1e-05,0.005,0.01,1e-06,1e-05,0.0011983044029857393
89,SVR_0.005_0.01_1e-06_0.0001,0.005,0.01,1e-06,0.0001,0.0012530193508642818
90,SVR_0.005_0.01_1e-06_0.001,0.005,0.01,1e-06,0.001,0.0012876402489219174
91,SVR_0.005_0.01_1e-06_0.01,0.005,0.01,1e-06,0.01,0.0029924869646532405
92,SVR_0.005_0.01_9.999999999999999e-06_1e-05,0.005,0.01,9.999999999999999e-06,1e-05,0.001199455823199358
93,SVR_0.005_0.01_9.999999999999999e-06_0.0001,0.005,0.01,9.999999999999999e-06,0.0001,0.0012542497387279194
94,SVR_0.005_0.01_9.999999999999999e-06_0.001,0.005,0.01,9.999999999999999e-06,0.001,0.0012863618781914887
95,SVR_0.005_0.01_9.999999999999999e-06_0.01,0.005,0.01,9.999999999999999e-06,0.01,0.0029924869646532405
96,SVR_0.005_0.01_9.999999999999999e-05_1e-05,0.005,0.01,9.999999999999999e-05,1e-05,0.0011931035019893787
97,SVR_0.005_0.01_9.999999999999999e-05_0.0001,0.005,0.01,9.999999999999999e-05,0.0001,0.0012724879673465584
98,SVR_0.005_0.01_9.999999999999999e-05_0.001,0.005,0.01,9.999999999999999e-05,0.001,0.0012842980841273998
99,SVR_0.005_0.01_9.999999999999999e-05_0.01,0.005,0.01,9.999999999999999e-05,0.01,0.0029924869646532405
100,SVR_0.005_0.01_0.001_1e-05,0.005,0.01,0.001,1e-05,0.0012281949525319914
101,SVR_0.005_0.01_0.001_0.0001,0.005,0.01,0.001,0.0001,0.0012290205226547445
102,SVR_0.005_0.01_0.001_0.001,0.005,0.01,0.001,0.001,0.0012442215122473233
103,SVR_0.005_0.01_0.001_0.01,0.005,0.01,0.001,0.01,0.0029924869646532405
104,SVR_0.005_0.01_0.01_1e-05,0.005,0.01,0.01,1e-05,0.001978909366023274
105,SVR_0.005_0.01_0.01_0.0001,0.005,0.01,0.01,0.0001,0.0021639672598546154
106,SVR_0.005_0.01_0.01_0.001,0.005,0.01,0.01,0.001,0.001988967259854668
107,SVR_0.005_0.01_0.01_0.01,0.005,0.01,0.01,0.01,0.0029924869646532405
108,SVR_0.005_0.01_0.1_1e-05,0.005,0.01,0.1,1e-05,0.0029924869646532405
109,SVR_0.005_0.01_0.1_0.0001,0.005,0.01,0.1,0.0001,0.0029924869646532405
110,SVR_0.005_0.01_0.1_0.001,0.005,0.01,0.1,0.001,0.0029924869646532405
111,SVR_0.005_0.01_0.1_0.01,0.005,0.01,0.1,0.01,0.0029924869646532405
112,SVR_0.005_0.1_1e-07_1e-05,0.005,0.1,1e-07,1e-05,0.002817344757912643
113,SVR_0.005_0.1_1e-07_0.0001,0.005,0.1,1e-07,0.0001,0.0028443455244958837
114,SVR_0.005_0.1_1e-07_0.001,0.005,0.1,1e-07,0.001,0.0029038456117982834
115,SVR_0.005_0.1_1e-07_0.01,0.005,0.1,1e-07,0.01,0.0029924869646532405
116,SVR_0.005_0.1_1e-06_1e-05,0.005,0.1,1e-06,1e-05,0.0028174893442420856
117,SVR_0.005_0.1_1e-06_0.0001,0.005,0.1,1e-06,0.0001,0.0028444389254691947
118,SVR_0.005_0.1_1e-06_0.001,0.005,0.1,1e-06,0.001,0.0029038373120762627
119,SVR_0.005_0.1_1e-06_0.01,0.005,0.1,1e-06,0.01,0.0029924869646532405
120,SVR_0.005_0.1_9.999999999999999e-06_1e-05,0.005,0.1,9.999999999999999e-06,1e-05,0.0028182095855989963
121,SVR_0.005_0.1_9.999999999999999e-06_0.0001,0.005,0.1,9.999999999999999e-06,0.0001,0.0028445377000796412
122,SVR_0.005_0.1_9.999999999999999e-06_0.001,0.005,0.1,9.999999999999999e-06,0.001,0.002903536101263571
123,SVR_0.005_0.1_9.999999999999999e-06_0.01,0.005,0.1,9.999999999999999e-06,0.01,0.0029924869646532405
124,SVR_0.005_0.1_9.999999999999999e-05_1e-05,0.005,0.1,9.999999999999999e-05,1e-05,0.0028170873893675007
125,SVR_0.005_0.1_9.999999999999999e-05_0.0001,0.005,0.1,9.999999999999999e-05,0.0001,0.0028568444184287945
126,SVR_0.005_0.1_9.999999999999999e-05_0.001,0.005,0.1,9.999999999999999e-05,0.001,0.0028990809269954453
127,SVR_0.005_0.1_9.999999999999999e-05_0.01,0.005,0.1,9.999999999999999e-05,0.01,0.0029924869646532405
128,SVR_0.005_0.1_0.001_1e-05,0.005,0.1,0.001,1e-05,0.0028623746935361625
129,SVR_0.005_0.1_0.001_0.0001,0.005,0.1,0.001,0.0001,0.0028704469745774565
130,SVR_0.005_0.1_0.001_0.001,0.005,0.1,0.001,0.001,0.0028738240368072266
131,SVR_0.005_0.1_0.001_0.01,0.005,0.1,0.001,0.01,0.0029924869646532405
132,SVR_0.005_0.1_0.01_1e-05,0.005,0.1,0.01,1e-05,0.003101078440246141
133,SVR_0.005_0.1_0.01_0.0001,0.005,0.1,0.01,0.0001,0.0032860784402461095
134,SVR_0.005_0.1_0.01_0.001,0.005,0.1,0.01,0.001,0.003111078440246118
135,SVR_0.005_0.1_0.01_0.01,0.005,0.1,0.01,0.01,0.0029924869646532405
136,SVR_0.005_0.1_0.1_1e-05,0.005,0.1,0.1,1e-05,0.0029924869646532405
137,SVR_0.005_0.1_0.1_0.0001,0.005,0.1,0.1,0.0001,0.0029924869646532405
138,SVR_0.005_0.1_0.1_0.001,0.005,0.1,0.1,0.001,0.0029924869646532405
139,SVR_0.005_0.1_0.1_0.01,0.005,0.1,0.1,0.01,0.0029924869646532405
140,SVR_0.05_1e-05_1e-07_1e-05,0.05,1e-05,1e-07,1e-05,0.00016804582217990748
141,SVR_0.05_1e-05_1e-07_0.0001,0.05,1e-05,1e-07,0.0001,0.0001576084756353513
142,SVR_0.05_1e-05_1e-07_0.001,0.05,1e-05,1e-07,0.001,0.0006518711882869344
143,SVR_0.05_1e-05_1e-07_0.01,0.05,1e-05,1e-07,0.01,0.0029924869646532405
144,SVR_0.05_1e-05_1e-06_1e-05,0.05,1e-05,1e-06,1e-05,0.00016865404905925808
145,SVR_0.05_1e-05_1e-06_0.0001,0.05,1e-05,1e-06,0.0001,0.00015841087048920066
146,SVR_0.05_1e-05_1e-06_0.001,0.05,1e-05,1e-06,0.001,0.0006518304976188994
147,SVR_0.05_1e-05_1e-06_0.01,0.05,1e-05,1e-06,0.01,0.0029924869646532405
148,SVR_0.05_1e-05_9.999999999999999e-06_1e-05,0.05,1e-05,9.999999999999999e-06,1e-05,0.00016643366211481768
149,SVR_0.05_1e-05_9.999999999999999e-06_0.0001,0.05,1e-05,9.999999999999999e-06,0.0001,0.000161610796269418
150,SVR_0.05_1e-05_9.999999999999999e-06_0.001,0.05,1e-05,9.999999999999999e-06,0.001,0.0006500029151782271
151,SVR_0.05_1e-05_9.999999999999999e-06_0.01,0.05,1e-05,9.999999999999999e-06,0.01,0.0029924869646532405
152,SVR_0.05_1e-05_9.999999999999999e-05_1e-05,0.05,1e-05,9.999999999999999e-05,1e-05,0.00014006333753009416
153,SVR_0.05_1e-05_9.999999999999999e-05_0.0001,0.05,1e-05,9.999999999999999e-05,0.0001,0.00017699223899998452
154,SVR_0.05_1e-05_9.999999999999999e-05_0.001,0.05,1e-05,9.999999999999999e-05,0.001,0.0006453105057627085
155,SVR_0.05_1e-05_9.999999999999999e-05_0.01,0.05,1e-05,9.999999999999999e-05,0.01,0.0029924869646532405
156,SVR_0.05_1e-05_0.001_1e-05,0.05,1e-05,0.001,1e-05,0.00018070425753773377
157,SVR_0.05_1e-05_0.001_0.0001,0.05,1e-05,0.001,0.0001,5.327523775164877e-05
158,SVR_0.05_1e-05_0.001_0.001,0.05,1e-05,0.001,0.001,0.0006512587519551527
159,SVR_0.05_1e-05_0.001_0.01,0.05,1e-05,0.001,0.01,0.0029924869646532405
160,SVR_0.05_1e-05_0.01_1e-05,0.05,1e-05,0.01,1e-05,0.0010288929655732915
161,SVR_0.05_1e-05_0.01_0.0001,0.05,1e-05,0.01,0.0001,0.0009777256507288
162,SVR_0.05_1e-05_0.01_0.001,0.05,1e-05,0.01,0.001,0.0007535834369715832
163,SVR_0.05_1e-05_0.01_0.01,0.05,1e-05,0.01,0.01,0.0029924869646532405
164,SVR_0.05_1e-05_0.1_1e-05,0.05,1e-05,0.1,1e-05,0.0029924869646532405
165,SVR_0.05_1e-05_0.1_0.0001,0.05,1e-05,0.1,0.0001,0.0029924869646532405
166,SVR_0.05_1e-05_0.1_0.001,0.05,1e-05,0.1,0.001,0.0029924869646532405
167,SVR_0.05_1e-05_0.1_0.01,0.05,1e-05,0.1,0.01,0.0029924869646532405
168,SVR_0.05_0.0001_1e-07_1e-05,0.05,0.0001,1e-07,1e-05,0.00016417464660389847
169,SVR_0.05_0.0001_1e-07_0.0001,0.05,0.0001,1e-07,0.0001,0.00018855612240344932
170,SVR_0.05_0.0001_1e-07_0.001,0.05,0.0001,1e-07,0.001,0.000533094613379026
171,SVR_0.05_0.0001_1e-07_0.01,0.05,0.0001,1e-07,0.01,0.0029924869646532405
172,SVR_0.05_0.0001_1e-06_1e-05,0.05,0.0001,1e-06,1e-05,0.00016418078951940807
173,SVR_0.05_0.0001_1e-06_0.0001,0.05,0.0001,1e-06,0.0001,0.00018860781707048525
174,SVR_0.05_0.0001_1e-06_0.001,0.05,0.0001,1e-06,0.001,0.0005330569518243955
175,SVR_0.05_0.0001_1e-06_0.01,0.05,0.0001,1e-06,0.01,0.0029924869646532405
176,SVR_0.05_0.0001_9.999999999999999e-06_1e-05,0.05,0.0001,9.999999999999999e-06,1e-05,0.00016201880535531287
177,SVR_0.05_0.0001_9.999999999999999e-06_0.0001,0.05,0.0001,9.999999999999999e-06,0.0001,0.0001884146763882377
178,SVR_0.05_0.0001_9.999999999999999e-06_0.001,0.05,0.0001,9.999999999999999e-06,0.001,0.0005331387649729624
179,SVR_0.05_0.0001_9.999999999999999e-06_0.01,0.05,0.0001,9.999999999999999e-06,0.01,0.0029924869646532405
180,SVR_0.05_0.0001_9.999999999999999e-05_1e-05,0.05,0.0001,9.999999999999999e-05,1e-05,0.0001554468528565778
181,SVR_0.05_0.0001_9.999999999999999e-05_0.0001,0.05,0.0001,9.999999999999999e-05,0.0001,0.00020069746619930662
182,SVR_0.05_0.0001_9.999999999999999e-05_0.001,0.05,0.0001,9.999999999999999e-05,0.001,0.000534851792587876
183,SVR_0.05_0.0001_9.999999999999999e-05_0.01,0.05,0.0001,9.999999999999999e-05,0.01,0.0029924869646532405
184,SVR_0.05_0.0001_0.001_1e-05,0.05,0.0001,0.001,1e-05,0.00020978793974699706
185,SVR_0.05_0.0001_0.001_0.0001,0.05,0.0001,0.001,0.0001,0.00020480163579645884
186,SVR_0.05_0.0001_0.001_0.001,0.05,0.0001,0.001,0.001,0.0004706976546441588
187,SVR_0.05_0.0001_0.001_0.01,0.05,0.0001,0.001,0.01,0.0029924869646532405
188,SVR_0.05_0.0001_0.01_1e-05,0.05,0.0001,0.01,1e-05,0.0010524620235290438
189,SVR_0.05_0.0001_0.01_0.0001,0.05,0.0001,0.01,0.0001,0.0010340644082143414
190,SVR_0.05_0.0001_0.01_0.001,0.05,0.0001,0.01,0.001,0.0007574721421380381
191,SVR_0.05_0.0001_0.01_0.01,0.05,0.0001,0.01,0.01,0.0029924869646532405
192,SVR_0.05_0.0001_0.1_1e-05,0.05,0.0001,0.1,1e-05,0.0029924869646532405
193,SVR_0.05_0.0001_0.1_0.0001,0.05,0.0001,0.1,0.0001,0.0029924869646532405
194,SVR_0.05_0.0001_0.1_0.001,0.05,0.0001,0.1,0.001,0.0029924869646532405
195,SVR_0.05_0.0001_0.1_0.01,0.05,0.0001,0.1,0.01,0.0029924869646532405
196,SVR_0.05_0.001_1e-07_1e-05,0.05,0.001,1e-07,1e-05,0.0001932704818036868
197,SVR_0.05_0.001_1e-07_0.0001,0.05,0.001,1e-07,0.0001,0.00024598801395989687
198,SVR_0.05_0.001_1e-07_0.001,0.05,0.001,1e-07,0.001,0.00043229997116056573
199,SVR_0.05_0.001_1e-07_0.01,0.05,0.001,1e-07,0.01,0.0029924869646532405
200,SVR_0.05_0.001_1e-06_1e-05,0.05,0.001,1e-06,1e-05,0.00019324530649122984
201,SVR_0.05_0.001_1e-06_0.0001,0.05,0.001,1e-06,0.0001,0.0002459402025940971
202,SVR_0.05_0.001_1e-06_0.001,0.05,0.001,1e-06,0.001,0.00043234213843010847
203,SVR_0.05_0.001_1e-06_0.01,0.05,0.001,1e-06,0.01,0.0029924869646532405
204,SVR_0.05_0.001_9.999999999999999e-06_1e-05,0.05,0.001,9.999999999999999e-06,1e-05,0.00019100843039039362
205,SVR_0.05_0.001_9.999999999999999e-06_0.0001,0.05,0.001,9.999999999999999e-06,0.0001,0.000245692534050157
206,SVR_0.05_0.001_9.999999999999999e-06_0.001,0.05,0.001,9.999999999999999e-06,0.001,0.0004330279452156915
207,SVR_0.05_0.001_9.999999999999999e-06_0.01,0.05,0.001,9.999999999999999e-06,0.01,0.0029924869646532405
208,SVR_0.05_0.001_9.999999999999999e-05_1e-05,0.05,0.001,9.999999999999999e-05,1e-05,0.0001940166363749274
209,SVR_0.05_0.001_9.999999999999999e-05_0.0001,0.05,0.001,9.999999999999999e-05,0.0001,0.00023047604212753648
210,SVR_0.05_0.001_9.999999999999999e-05_0.001,0.05,0.001,9.999999999999999e-05,0.001,0.00043511408448817515
211,SVR_0.05_0.001_9.999999999999999e-05_0.01,0.05,0.001,9.999999999999999e-05,0.01,0.0029924869646532405
212,SVR_0.05_0.001_0.001_1e-05,0.05,0.001,0.001,1e-05,0.00018087765499115173
213,SVR_0.05_0.001_0.001_0.0001,0.05,0.001,0.001,0.0001,0.0003034662932856591
214,SVR_0.05_0.001_0.001_0.001,0.05,0.001,0.001,0.001,0.00048664270115721385
215,SVR_0.05_0.001_0.001_0.01,0.05,0.001,0.001,0.01,0.0029924869646532405
216,SVR_0.05_0.001_0.01_1e-05,0.05,0.001,0.01,1e-05,0.0017108202782314841
217,SVR_0.05_0.001_0.01_0.0001,0.05,0.001,0.01,0.0001,0.0017102138472300243
218,SVR_0.05_0.001_0.01_0.001,0.05,0.001,0.01,0.001,0.0013185293166706913
219,SVR_0.05_0.001_0.01_0.01,0.05,0.001,0.01,0.01,0.0029924869646532405
220,SVR_0.05_0.001_0.1_1e-05,0.05,0.001,0.1,1e-05,0.0029924869646532405
221,SVR_0.05_0.001_0.1_0.0001,0.05,0.001,0.1,0.0001,0.0029924869646532405
222,SVR_0.05_0.001_0.1_0.001,0.05,0.001,0.1,0.001,0.0029924869646532405
223,SVR_0.05_0.001_0.1_0.01,0.05,0.001,0.1,0.01,0.0029924869646532405
224,SVR_0.05_0.01_1e-07_1e-05,0.05,0.01,1e-07,1e-05,0.0010335726211151198
225,SVR_0.05_0.01_1e-07_0.0001,0.05,0.01,1e-07,0.0001,0.0011023299522634478
226,SVR_0.05_0.01_1e-07_0.001,0.05,0.01,1e-07,0.001,0.0012748401004661237
227,SVR_0.05_0.01_1e-07_0.01,0.05,0.01,1e-07,0.01,0.0029924869646532405
228,SVR_0.05_0.01_1e-06_1e-05,0.05,0.01,1e-06,1e-05,0.0010334838049199657
229,SVR_0.05_0.01_1e-06_0.0001,0.05,0.01,1e-06,0.0001,0.0011022431161690882
230,SVR_0.05_0.01_1e-06_0.001,0.05,0.01,1e-06,0.001,0.0012747550030894673
231,SVR_0.05_0.01_1e-06_0.01,0.05,0.01,1e-06,0.01,0.0029924869646532405
232,SVR_0.05_0.01_9.999999999999999e-06_1e-05,0.05,0.01,9.999999999999999e-06,1e-05,0.001033243356335678
233,SVR_0.05_0.01_9.999999999999999e-06_0.0001,0.05,0.01,9.999999999999999e-06,0.0001,0.0011022223193341673
234,SVR_0.05_0.01_9.999999999999999e-06_0.001,0.05,0.01,9.999999999999999e-06,0.001,0.001275002162018124
235,SVR_0.05_0.01_9.999999999999999e-06_0.01,0.05,0.01,9.999999999999999e-06,0.01,0.0029924869646532405
236,SVR_0.05_0.01_9.999999999999999e-05_1e-05,0.05,0.01,9.999999999999999e-05,1e-05,0.0010320239210145576
237,SVR_0.05_0.01_9.999999999999999e-05_0.0001,0.05,0.01,9.999999999999999e-05,0.0001,0.001090016635699609
238,SVR_0.05_0.01_9.999999999999999e-05_0.001,0.05,0.01,9.999999999999999e-05,0.001,0.001278555444004814
239,SVR_0.05_0.01_9.999999999999999e-05_0.01,0.05,0.01,9.999999999999999e-05,0.01,0.0029924869646532405
240,SVR_0.05_0.01_0.001_1e-05,0.05,0.01,0.001,1e-05,0.0010873167988910471
241,SVR_0.05_0.01_0.001_0.0001,0.05,0.01,0.001,0.0001,0.0011030759699947712
242,SVR_0.05_0.01_0.001_0.001,0.05,0.01,0.001,0.001,0.0012157724163602613
243,SVR_0.05_0.01_0.001_0.01,0.05,0.01,0.001,0.01,0.0029924869646532405
244,SVR_0.05_0.01_0.01_1e-05,0.05,0.01,0.01,1e-05,0.0018443538428725148
245,SVR_0.05_0.01_0.01_0.0001,0.05,0.01,0.01,0.0001,0.0019242392147510224
246,SVR_0.05_0.01_0.01_0.001,0.05,0.01,0.01,0.001,0.0018489650824458082
247,SVR_0.05_0.01_0.01_0.01,0.05,0.01,0.01,0.01,0.0029924869646532405
248,SVR_0.05_0.01_0.1_1e-05,0.05,0.01,0.1,1e-05,0.0029924869646532405
249,SVR_0.05_0.01_0.1_0.0001,0.05,0.01,0.1,0.0001,0.0029924869646532405
250,SVR_0.05_0.01_0.1_0.001,0.05,0.01,0.1,0.001,0.0029924869646532405
251,SVR_0.05_0.01_0.1_0.01,0.05,0.01,0.1,0.01,0.0029924869646532405
252,SVR_0.05_0.1_1e-07_1e-05,0.05,0.1,1e-07,1e-05,0.002819701953096487
253,SVR_0.05_0.1_1e-07_0.0001,0.05,0.1,1e-07,0.0001,0.002846927201324645
254,SVR_0.05_0.1_1e-07_0.001,0.05,0.1,1e-07,0.001,0.0029040910747929693
255,SVR_0.05_0.1_1e-07_0.01,0.05,0.1,1e-07,0.01,0.0029924869646532405
256,SVR_0.05_0.1_1e-06_1e-05,0.05,0.1,1e-06,1e-05,0.002819689624679045
257,SVR_0.05_0.1_1e-06_0.0001,0.05,0.1,1e-06,0.0001,0.0028468482536194717
258,SVR_0.05_0.1_1e-06_0.001,0.05,0.1,1e-06,0.001,0.002904157059315793
259,SVR_0.05_0.1_1e-06_0.01,0.05,0.1,1e-06,0.01,0.0029924869646532405
260,SVR_0.05_0.1_9.999999999999999e-06_1e-05,0.05,0.1,9.999999999999999e-06,1e-05,0.0028192054594939455
261,SVR_0.05_0.1_9.999999999999999e-06_0.0001,0.05,0.1,9.999999999999999e-06,0.0001,0.00284787244731457
262,SVR_0.05_0.1_9.999999999999999e-06_0.001,0.05,0.1,9.999999999999999e-06,0.001,0.0029042300968695756
263,SVR_0.05_0.1_9.999999999999999e-06_0.01,0.05,0.1,9.999999999999999e-06,0.01,0.0029924869646532405
264,SVR_0.05_0.1_9.999999999999999e-05_1e-05,0.05,0.1,9.999999999999999e-05,1e-05,0.0028248828191076657
265,SVR_0.05_0.1_9.999999999999999e-05_0.0001,0.05,0.1,9.999999999999999e-05,0.0001,0.0028542819028946286
266,SVR_0.05_0.1_9.999999999999999e-05_0.001,0.05,0.1,9.999999999999999e-05,0.001,0.0029097789074226553
267,SVR_0.05_0.1_9.999999999999999e-05_0.01,0.05,0.1,9.999999999999999e-05,0.01,0.0029924869646532405
268,SVR_0.05_0.1_0.001_1e-05,0.05,0.1,0.001,1e-05,0.0028789154520109327
269,SVR_0.05_0.1_0.001_0.0001,0.05,0.1,0.001,0.0001,0.0028872708873779462
270,SVR_0.05_0.1_0.001_0.001,0.05,0.1,0.001,0.001,0.002878956164089752
271,SVR_0.05_0.1_0.001_0.01,0.05,0.1,0.001,0.01,0.0029924869646532405
272,SVR_0.05_0.1_0.01_1e-05,0.05,0.1,0.01,1e-05,0.0032806440534121073
273,SVR_0.05_0.1_0.01_0.0001,0.05,0.1,0.01,0.0001,0.0033379934068514584
274,SVR_0.05_0.1_0.01_0.001,0.05,0.1,0.01,0.001,0.003208963833071854
275,SVR_0.05_0.1_0.01_0.01,0.05,0.1,0.01,0.01,0.0029924869646532405
276,SVR_0.05_0.1_0.1_1e-05,0.05,0.1,0.1,1e-05,0.0029924869646532405
277,SVR_0.05_0.1_0.1_0.0001,0.05,0.1,0.1,0.0001,0.0029924869646532405
278,SVR_0.05_0.1_0.1_0.001,0.05,0.1,0.1,0.001,0.0029924869646532405
279,SVR_0.05_0.1_0.1_0.01,0.05,0.1,0.1,0.01,0.0029924869646532405
280,SVR_0.5_1e-05_1e-07_1e-05,0.5,1e-05,1e-07,1e-05,0.00019872047548745718
281,SVR_0.5_1e-05_1e-07_0.0001,0.5,1e-05,1e-07,0.0001,0.00018169106433938432
282,SVR_0.5_1e-05_1e-07_0.001,0.5,1e-05,1e-07,0.001,0.0006518688521869098
283,SVR_0.5_1e-05_1e-07_0.01,0.5,1e-05,1e-07,0.01,0.0029924869646532405
284,SVR_0.5_1e-05_1e-06_1e-05,0.5,1e-05,1e-06,1e-05,0.00019586538727245362
285,SVR_0.5_1e-05_1e-06_0.0001,0.5,1e-05,1e-06,0.0001,0.00018194584313371286
286,SVR_0.5_1e-05_1e-06_0.001,0.5,1e-05,1e-06,0.001,0.0006518304976180555
287,SVR_0.5_1e-05_1e-06_0.01,0.5,1e-05,1e-06,0.01,0.0029924869646532405
288,SVR_0.5_1e-05_9.999999999999999e-06_1e-05,0.5,1e-05,9.999999999999999e-06,1e-05,0.0001784048944380334
289,SVR_0.5_1e-05_9.999999999999999e-06_0.0001,0.5,1e-05,9.999999999999999e-06,0.0001,0.00018446785395074273
290,SVR_0.5_1e-05_9.999999999999999e-06_0.001,0.5,1e-05,9.999999999999999e-06,0.001,0.0006500029151762287
291,SVR_0.5_1e-05_9.999999999999999e-06_0.01,0.5,1e-05,9.999999999999999e-06,0.01,0.0029924869646532405
292,SVR_0.5_1e-05_9.999999999999999e-05_1e-05,0.5,1e-05,9.999999999999999e-05,1e-05,0.00020024285293893663
293,SVR_0.5_1e-05_9.999999999999999e-05_0.0001,0.5,1e-05,9.999999999999999e-05,0.0001,0.00017710052754984495
294,SVR_0.5_1e-05_9.999999999999999e-05_0.001,0.5,1e-05,9.999999999999999e-05,0.001,0.0006453105057593778
295,SVR_0.5_1e-05_9.999999999999999e-05_0.01,0.5,1e-05,9.999999999999999e-05,0.01,0.0029924869646532405
296,SVR_0.5_1e-05_0.001_1e-05,0.5,1e-05,0.001,1e-05,0.0003080612414104511
297,SVR_0.5_1e-05_0.001_0.0001,0.5,1e-05,0.001,0.0001,5.3275237749872416e-05
298,SVR_0.5_1e-05_0.001_0.001,0.5,1e-05,0.001,0.001,0.0006512587519523106
299,SVR_0.5_1e-05_0.001_0.01,0.5,1e-05,0.001,0.01,0.0029924869646532405
300,SVR_0.5_1e-05_0.01_1e-05,0.5,1e-05,0.01,1e-05,0.0010288929655728918
301,SVR_0.5_1e-05_0.01_0.0001,0.5,1e-05,0.01,0.0001,0.000977725650728578
302,SVR_0.5_1e-05_0.01_0.001,0.5,1e-05,0.01,0.001,0.0007535834369716277
303,SVR_0.5_1e-05_0.01_0.01,0.5,1e-05,0.01,0.01,0.0029924869646532405
304,SVR_0.5_1e-05_0.1_1e-05,0.5,1e-05,0.1,1e-05,0.0029924869646532405
305,SVR_0.5_1e-05_0.1_0.0001,0.5,1e-05,0.1,0.0001,0.0029924869646532405
306,SVR_0.5_1e-05_0.1_0.001,0.5,1e-05,0.1,0.001,0.0029924869646532405
307,SVR_0.5_1e-05_0.1_0.01,0.5,1e-05,0.1,0.01,0.0029924869646532405
308,SVR_0.5_0.0001_1e-07_1e-05,0.5,0.0001,1e-07,1e-05,0.0001721367906408311
309,SVR_0.5_0.0001_1e-07_0.0001,0.5,0.0001,1e-07,0.0001,0.00014979432452704166
310,SVR_0.5_0.0001_1e-07_0.001,0.5,0.0001,1e-07,0.001,0.0005331073167532896
311,SVR_0.5_0.0001_1e-07_0.01,0.5,0.0001,1e-07,0.01,0.0029924869646532405
312,SVR_0.5_0.0001_1e-06_1e-05,0.5,0.0001,1e-06,1e-05,0.00017232265349385046
313,SVR_0.5_0.0001_1e-06_0.0001,0.5,0.0001,1e-06,0.0001,0.00014970695796612254
314,SVR_0.5_0.0001_1e-06_0.001,0.5,0.0001,1e-06,0.001,0.0005330008610136439
315,SVR_0.5_0.0001_1e-06_0.01,0.5,0.0001,1e-06,0.01,0.0029924869646532405
316,SVR_0.5_0.0001_9.999999999999999e-06_1e-05,0.5,0.0001,9.999999999999999e-06,1e-05,0.00017388737115475728
317,SVR_0.5_0.0001_9.999999999999999e-06_0.0001,0.5,0.0001,9.999999999999999e-06,0.0001,0.00014983333224356522
318,SVR_0.5_0.0001_9.999999999999999e-06_0.001,0.5,0.0001,9.999999999999999e-06,0.001,0.0005328129126641379
319,SVR_0.5_0.0001_9.999999999999999e-06_0.01,0.5,0.0001,9.999999999999999e-06,0.01,0.0029924869646532405
320,SVR_0.5_0.0001_9.999999999999999e-05_1e-05,0.5,0.0001,9.999999999999999e-05,1e-05,0.00014672348763031807
321,SVR_0.5_0.0001_9.999999999999999e-05_0.0001,0.5,0.0001,9.999999999999999e-05,0.0001,0.00020547797950238867
322,SVR_0.5_0.0001_9.999999999999999e-05_0.001,0.5,0.0001,9.999999999999999e-05,0.001,0.0005348517925876095
323,SVR_0.5_0.0001_9.999999999999999e-05_0.01,0.5,0.0001,9.999999999999999e-05,0.01,0.0029924869646532405
324,SVR_0.5_0.0001_0.001_1e-05,0.5,0.0001,0.001,1e-05,0.00020978793974744115
325,SVR_0.5_0.0001_0.001_0.0001,0.5,0.0001,0.001,0.0001,0.00020480163579659206
326,SVR_0.5_0.0001_0.001_0.001,0.5,0.0001,0.001,0.001,0.00047069765464335944
327,SVR_0.5_0.0001_0.001_0.01,0.5,0.0001,0.001,0.01,0.0029924869646532405
328,SVR_0.5_0.0001_0.01_1e-05,0.5,0.0001,0.01,1e-05,0.0010524620235292214
329,SVR_0.5_0.0001_0.01_0.0001,0.5,0.0001,0.01,0.0001,0.0010340644082143858
330,SVR_0.5_0.0001_0.01_0.001,0.5,0.0001,0.01,0.001,0.0007574721421379938
331,SVR_0.5_0.0001_0.01_0.01,0.5,0.0001,0.01,0.01,0.0029924869646532405
332,SVR_0.5_0.0001_0.1_1e-05,0.5,0.0001,0.1,1e-05,0.0029924869646532405
333,SVR_0.5_0.0001_0.1_0.0001,0.5,0.0001,0.1,0.0001,0.0029924869646532405
334,SVR_0.5_0.0001_0.1_0.001,0.5,0.0001,0.1,0.001,0.0029924869646532405
335,SVR_0.5_0.0001_0.1_0.01,0.5,0.0001,0.1,0.01,0.0029924869646532405
336,SVR_0.5_0.001_1e-07_1e-05,0.5,0.001,1e-07,1e-05,0.00019327048180355354
337,SVR_0.5_0.001_1e-07_0.0001,0.5,0.001,1e-07,0.0001,0.00024598801395980807
338,SVR_0.5_0.001_1e-07_0.001,0.5,0.001,1e-07,0.001,0.00043229997116065453
339,SVR_0.5_0.001_1e-07_0.01,0.5,0.001,1e-07,0.01,0.0029924869646532405
340,SVR_0.5_0.001_1e-06_1e-05,0.5,0.001,1e-06,1e-05,0.0001932453064910522
341,SVR_0.5_0.001_1e-06_0.0001,0.5,0.001,1e-06,0.0001,0.0002459402025939639
342,SVR_0.5_0.001_1e-06_0.001,0.5,0.001,1e-06,0.001,0.0004323421384301973
343,SVR_0.5_0.001_1e-06_0.01,0.5,0.001,1e-06,0.01,0.0029924869646532405
344,SVR_0.5_0.001_9.999999999999999e-06_1e-05,0.5,0.001,9.999999999999999e-06,1e-05,0.0001910084303903492
345,SVR_0.5_0.001_9.999999999999999e-06_0.0001,0.5,0.001,9.999999999999999e-06,0.0001,0.00024569253404997936
346,SVR_0.5_0.001_9.999999999999999e-06_0.001,0.5,0.001,9.999999999999999e-06,0.001,0.0004330279452156915
347,SVR_0.5_0.001_9.999999999999999e-06_0.01,0.5,0.001,9.999999999999999e-06,0.01,0.0029924869646532405
348,SVR_0.5_0.001_9.999999999999999e-05_1e-05,0.5,0.001,9.999999999999999e-05,1e-05,0.0001940166363749274
349,SVR_0.5_0.001_9.999999999999999e-05_0.0001,0.5,0.001,9.999999999999999e-05,0.0001,0.00023047604212744766
350,SVR_0.5_0.001_9.999999999999999e-05_0.001,0.5,0.001,9.999999999999999e-05,0.001,0.00043511408448817515
351,SVR_0.5_0.001_9.999999999999999e-05_0.01,0.5,0.001,9.999999999999999e-05,0.01,0.0029924869646532405
352,SVR_0.5_0.001_0.001_1e-05,0.5,0.001,0.001,1e-05,0.00018087765499124052
353,SVR_0.5_0.001_0.001_0.0001,0.5,0.001,0.001,0.0001,0.0003034662932856591
354,SVR_0.5_0.001_0.001_0.001,0.5,0.001,0.001,0.001,0.00048664270115716945
355,SVR_0.5_0.001_0.001_0.01,0.5,0.001,0.001,0.01,0.0029924869646532405
356,SVR_0.5_0.001_0.01_1e-05,0.5,0.001,0.01,1e-05,0.0017108202782314841
357,SVR_0.5_0.001_0.01_0.0001,0.5,0.001,0.01,0.0001,0.0017102138472300243
358,SVR_0.5_0.001_0.01_0.001,0.5,0.001,0.01,0.001,0.0013185293166706469
359,SVR_0.5_0.001_0.01_0.01,0.5,0.001,0.01,0.01,0.0029924869646532405
360,SVR_0.5_0.001_0.1_1e-05,0.5,0.001,0.1,1e-05,0.0029924869646532405
361,SVR_0.5_0.001_0.1_0.0001,0.5,0.001,0.1,0.0001,0.0029924869646532405
362,SVR_0.5_0.001_0.1_0.001,0.5,0.001,0.1,0.001,0.0029924869646532405
363,SVR_0.5_0.001_0.1_0.01,0.5,0.001,0.1,0.01,0.0029924869646532405
364,SVR_0.5_0.01_1e-07_1e-05,0.5,0.01,1e-07,1e-05,0.001033572621115164
365,SVR_0.5_0.01_1e-07_0.0001,0.5,0.01,1e-07,0.0001,0.0011023299522634033
366,SVR_0.5_0.01_1e-07_0.001,0.5,0.01,1e-07,0.001,0.0012748401004659903
367,SVR_0.5_0.01_1e-07_0.01,0.5,0.01,1e-07,0.01,0.0029924869646532405
368,SVR_0.5_0.01_1e-06_1e-05,0.5,0.01,1e-06,1e-05,0.0010334838049199213
369,SVR_0.5_0.01_1e-06_0.0001,0.5,0.01,1e-06,0.0001,0.001102243116169177
370,SVR_0.5_0.01_1e-06_0.001,0.5,0.01,1e-06,0.001,0.0012747550030893784
371,SVR_0.5_0.01_1e-06_0.01,0.5,0.01,1e-06,0.01,0.0029924869646532405
372,SVR_0.5_0.01_9.999999999999999e-06_1e-05,0.5,0.01,9.999999999999999e-06,1e-05,0.001033243356335678
373,SVR_0.5_0.01_9.999999999999999e-06_0.0001,0.5,0.01,9.999999999999999e-06,0.0001,0.0011022223193342118
374,SVR_0.5_0.01_9.999999999999999e-06_0.001,0.5,0.01,9.999999999999999e-06,0.001,0.0012750021620179907
375,SVR_0.5_0.01_9.999999999999999e-06_0.01,0.5,0.01,9.999999999999999e-06,0.01,0.0029924869646532405
376,SVR_0.5_0.01_9.999999999999999e-05_1e-05,0.5,0.01,9.999999999999999e-05,1e-05,0.001032023921014602
377,SVR_0.5_0.01_9.999999999999999e-05_0.0001,0.5,0.01,9.999999999999999e-05,0.0001,0.0010900166356996976
378,SVR_0.5_0.01_9.999999999999999e-05_0.001,0.5,0.01,9.999999999999999e-05,0.001,0.0012785554440047698
379,SVR_0.5_0.01_9.999999999999999e-05_0.01,0.5,0.01,9.999999999999999e-05,0.01,0.0029924869646532405
380,SVR_0.5_0.01_0.001_1e-05,0.5,0.01,0.001,1e-05,0.0010873167988910471
381,SVR_0.5_0.01_0.001_0.0001,0.5,0.01,0.001,0.0001,0.0011030759699946825
382,SVR_0.5_0.01_0.001_0.001,0.5,0.01,0.001,0.001,0.0012157724163602169
383,SVR_0.5_0.01_0.001_0.01,0.5,0.01,0.001,0.01,0.0029924869646532405
384,SVR_0.5_0.01_0.01_1e-05,0.5,0.01,0.01,1e-05,0.0018443538428725148
385,SVR_0.5_0.01_0.01_0.0001,0.5,0.01,0.01,0.0001,0.001924239214750978
386,SVR_0.5_0.01_0.01_0.001,0.5,0.01,0.01,0.001,0.0018489650824458082
387,SVR_0.5_0.01_0.01_0.01,0.5,0.01,0.01,0.01,0.0029924869646532405
388,SVR_0.5_0.01_0.1_1e-05,0.5,0.01,0.1,1e-05,0.0029924869646532405
389,SVR_0.5_0.01_0.1_0.0001,0.5,0.01,0.1,0.0001,0.0029924869646532405
390,SVR_0.5_0.01_0.1_0.001,0.5,0.01,0.1,0.001,0.0029924869646532405
391,SVR_0.5_0.01_0.1_0.01,0.5,0.01,0.1,0.01,0.0029924869646532405
392,SVR_0.5_0.1_1e-07_1e-05,0.5,0.1,1e-07,1e-05,0.002819701953096443
393,SVR_0.5_0.1_1e-07_0.0001,0.5,0.1,1e-07,0.0001,0.002846927201324645
394,SVR_0.5_0.1_1e-07_0.001,0.5,0.1,1e-07,0.001,0.0029040910747929693
395,SVR_0.5_0.1_1e-07_0.01,0.5,0.1,1e-07,0.01,0.0029924869646532405
396,SVR_0.5_0.1_1e-06_1e-05,0.5,0.1,1e-06,1e-05,0.002819689624679045
397,SVR_0.5_0.1_1e-06_0.0001,0.5,0.1,1e-06,0.0001,0.002846848253619516
398,SVR_0.5_0.1_1e-06_0.001,0.5,0.1,1e-06,0.001,0.0029041570593157486
399,SVR_0.5_0.1_1e-06_0.01,0.5,0.1,1e-06,0.01,0.0029924869646532405
400,SVR_0.5_0.1_9.999999999999999e-06_1e-05,0.5,0.1,9.999999999999999e-06,1e-05,0.0028192054594939455
401,SVR_0.5_0.1_9.999999999999999e-06_0.0001,0.5,0.1,9.999999999999999e-06,0.0001,0.0028478724473146146
402,SVR_0.5_0.1_9.999999999999999e-06_0.001,0.5,0.1,9.999999999999999e-06,0.001,0.0029042300968695756
403,SVR_0.5_0.1_9.999999999999999e-06_0.01,0.5,0.1,9.999999999999999e-06,0.01,0.0029924869646532405
404,SVR_0.5_0.1_9.999999999999999e-05_1e-05,0.5,0.1,9.999999999999999e-05,1e-05,0.0028248828191076657
405,SVR_0.5_0.1_9.999999999999999e-05_0.0001,0.5,0.1,9.999999999999999e-05,0.0001,0.0028542819028946286
406,SVR_0.5_0.1_9.999999999999999e-05_0.001,0.5,0.1,9.999999999999999e-05,0.001,0.0029097789074226553
407,SVR_0.5_0.1_9.999999999999999e-05_0.01,0.5,0.1,9.999999999999999e-05,0.01,0.0029924869646532405
408,SVR_0.5_0.1_0.001_1e-05,0.5,0.1,0.001,1e-05,0.0028789154520108885
409,SVR_0.5_0.1_0.001_0.0001,0.5,0.1,0.001,0.0001,0.0028872708873779462
410,SVR_0.5_0.1_0.001_0.001,0.5,0.1,0.001,0.001,0.002878956164089752
411,SVR_0.5_0.1_0.001_0.01,0.5,0.1,0.001,0.01,0.0029924869646532405
412,SVR_0.5_0.1_0.01_1e-05,0.5,0.1,0.01,1e-05,0.0032806440534121073
413,SVR_0.5_0.1_0.01_0.0001,0.5,0.1,0.01,0.0001,0.0033379934068514584
414,SVR_0.5_0.1_0.01_0.001,0.5,0.1,0.01,0.001,0.003208963833071854
415,SVR_0.5_0.1_0.01_0.01,0.5,0.1,0.01,0.01,0.0029924869646532405
416,SVR_0.5_0.1_0.1_1e-05,0.5,0.1,0.1,1e-05,0.0029924869646532405
417,SVR_0.5_0.1_0.1_0.0001,0.5,0.1,0.1,0.0001,0.0029924869646532405
418,SVR_0.5_0.1_0.1_0.001,0.5,0.1,0.1,0.001,0.0029924869646532405
419,SVR_0.5_0.1_0.1_0.01,0.5,0.1,0.1,0.01,0.0029924869646532405
420,SVR_5.0_1e-05_1e-07_1e-05,5.0,1e-05,1e-07,1e-05,0.00018168882009135247
421,SVR_5.0_1e-05_1e-07_0.0001,5.0,1e-05,1e-07,0.0001,0.00016210627787618392
422,SVR_5.0_1e-05_1e-07_0.001,5.0,1e-05,1e-07,0.001,0.0006518688521879757
423,SVR_5.0_1e-05_1e-07_0.01,5.0,1e-05,1e-07,0.01,0.0029924869646532405
424,SVR_5.0_1e-05_1e-06_1e-05,5.0,1e-05,1e-06,1e-05,0.00017978234678688309
425,SVR_5.0_1e-05_1e-06_0.0001,5.0,1e-05,1e-06,0.0001,0.00016201150831021138
426,SVR_5.0_1e-05_1e-06_0.001,5.0,1e-05,1e-06,0.001,0.0006518304976166345
427,SVR_5.0_1e-05_1e-06_0.01,5.0,1e-05,1e-06,0.01,0.0029924869646532405
428,SVR_5.0_1e-05_9.999999999999999e-06_1e-05,5.0,1e-05,9.999999999999999e-06,1e-05,0.00017749225375283118
429,SVR_5.0_1e-05_9.999999999999999e-06_0.0001,5.0,1e-05,9.999999999999999e-06,0.0001,0.0001613616594180023
430,SVR_5.0_1e-05_9.999999999999999e-06_0.001,5.0,1e-05,9.999999999999999e-06,0.001,0.0006500029151867536
431,SVR_5.0_1e-05_9.999999999999999e-06_0.01,5.0,1e-05,9.999999999999999e-06,0.01,0.0029924869646532405
432,SVR_5.0_1e-05_9.999999999999999e-05_1e-05,5.0,1e-05,9.999999999999999e-05,1e-05,0.00018374225603596807
433,SVR_5.0_1e-05_9.999999999999999e-05_0.0001,5.0,1e-05,9.999999999999999e-05,0.0001,0.00014545558916525536
434,SVR_5.0_1e-05_9.999999999999999e-05_0.001,5.0,1e-05,9.999999999999999e-05,0.001,0.0006453105057705688
435,SVR_5.0_1e-05_9.999999999999999e-05_0.01,5.0,1e-05,9.999999999999999e-05,0.01,0.0029924869646532405
436,SVR_5.0_1e-05_0.001_1e-05,5.0,1e-05,0.001,1e-05,0.00013221499267221937
437,SVR_5.0_1e-05_0.001_0.0001,5.0,1e-05,0.001,0.0001,5.327523775013887e-05
438,SVR_5.0_1e-05_0.001_0.001,5.0,1e-05,0.001,0.001,0.0006512587519599489
439,SVR_5.0_1e-05_0.001_0.01,5.0,1e-05,0.001,0.01,0.0029924869646532405
440,SVR_5.0_1e-05_0.01_1e-05,5.0,1e-05,0.01,1e-05,0.0010288929655738687
441,SVR_5.0_1e-05_0.01_0.0001,5.0,1e-05,0.01,0.0001,0.0009777256507329302
442,SVR_5.0_1e-05_0.01_0.001,5.0,1e-05,0.01,0.001,0.0007535834369718053
443,SVR_5.0_1e-05_0.01_0.01,5.0,1e-05,0.01,0.01,0.0029924869646532405
444,SVR_5.0_1e-05_0.1_1e-05,5.0,1e-05,0.1,1e-05,0.0029924869646532405
445,SVR_5.0_1e-05_0.1_0.0001,5.0,1e-05,0.1,0.0001,0.0029924869646532405
446,SVR_5.0_1e-05_0.1_0.001,5.0,1e-05,0.1,0.001,0.0029924869646532405
447,SVR_5.0_1e-05_0.1_0.01,5.0,1e-05,0.1,0.01,0.0029924869646532405
448,SVR_5.0_0.0001_1e-07_1e-05,5.0,0.0001,1e-07,1e-05,0.00019977722216717452
449,SVR_5.0_0.0001_1e-07_0.0001,5.0,0.0001,1e-07,0.0001,0.00014738437426657923
450,SVR_5.0_0.0001_1e-07_0.001,5.0,0.0001,1e-07,0.001,0.0005331030406724669
451,SVR_5.0_0.0001_1e-07_0.01,5.0,0.0001,1e-07,0.01,0.0029924869646532405
452,SVR_5.0_0.0001_1e-06_1e-05,5.0,0.0001,1e-06,1e-05,0.00019956694227176718
453,SVR_5.0_0.0001_1e-06_0.0001,5.0,0.0001,1e-06,0.0001,0.00014755134231236866
454,SVR_5.0_0.0001_1e-06_0.001,5.0,0.0001,1e-06,0.001,0.0005330965306296509
455,SVR_5.0_0.0001_1e-06_0.01,5.0,0.0001,1e-06,0.01,0.0029924869646532405
456,SVR_5.0_0.0001_9.999999999999999e-06_1e-05,5.0,0.0001,9.999999999999999e-06,1e-05,0.00020060657015306128
457,SVR_5.0_0.0001_9.999999999999999e-06_0.0001,5.0,0.0001,9.999999999999999e-06,0.0001,0.00014962291123192805
458,SVR_5.0_0.0001_9.999999999999999e-06_0.001,5.0,0.0001,9.999999999999999e-06,0.001,0.0005322535173617915
459,SVR_5.0_0.0001_9.999999999999999e-06_0.01,5.0,0.0001,9.999999999999999e-06,0.01,0.0029924869646532405
460,SVR_5.0_0.0001_9.999999999999999e-05_1e-05,5.0,0.0001,9.999999999999999e-05,1e-05,0.0001788433859206684
461,SVR_5.0_0.0001_9.999999999999999e-05_0.0001,5.0,0.0001,9.999999999999999e-05,0.0001,0.00020547797950225543
462,SVR_5.0_0.0001_9.999999999999999e-05_0.001,5.0,0.0001,9.999999999999999e-05,0.001,0.0005348517925823249
463,SVR_5.0_0.0001_9.999999999999999e-05_0.01,5.0,0.0001,9.999999999999999e-05,0.01,0.0029924869646532405
464,SVR_5.0_0.0001_0.001_1e-05,5.0,0.0001,0.001,1e-05,0.0002097879397527258
465,SVR_5.0_0.0001_0.001_0.0001,5.0,0.0001,0.001,0.0001,0.0002048016357968141
466,SVR_5.0_0.0001_0.001_0.001,5.0,0.0001,0.001,0.001,0.0004706976546447805
467,SVR_5.0_0.0001_0.001_0.01,5.0,0.0001,0.001,0.01,0.0029924869646532405
468,SVR_5.0_0.0001_0.01_1e-05,5.0,0.0001,0.01,1e-05,0.001052462023529177
469,SVR_5.0_0.0001_0.01_0.0001,5.0,0.0001,0.01,0.0001,0.0010340644082140304
470,SVR_5.0_0.0001_0.01_0.001,5.0,0.0001,0.01,0.001,0.00075747214213715
471,SVR_5.0_0.0001_0.01_0.01,5.0,0.0001,0.01,0.01,0.0029924869646532405
472,SVR_5.0_0.0001_0.1_1e-05,5.0,0.0001,0.1,1e-05,0.0029924869646532405
473,SVR_5.0_0.0001_0.1_0.0001,5.0,0.0001,0.1,0.0001,0.0029924869646532405
474,SVR_5.0_0.0001_0.1_0.001,5.0,0.0001,0.1,0.001,0.0029924869646532405
475,SVR_5.0_0.0001_0.1_0.01,5.0,0.0001,0.1,0.01,0.0029924869646532405
476,SVR_5.0_0.001_1e-07_1e-05,5.0,0.001,1e-07,1e-05,0.00019327048180457497
477,SVR_5.0_0.001_1e-07_0.0001,5.0,0.001,1e-07,0.0001,0.00024598801396149563
478,SVR_5.0_0.001_1e-07_0.001,5.0,0.001,1e-07,0.001,0.00043229997116007725
479,SVR_5.0_0.001_1e-07_0.01,5.0,0.001,1e-07,0.01,0.0029924869646532405
480,SVR_5.0_0.001_1e-06_1e-05,5.0,0.001,1e-06,1e-05,0.0001932453064925621
481,SVR_5.0_0.001_1e-06_0.0001,5.0,0.001,1e-06,0.0001,0.00024594020259502967
482,SVR_5.0_0.001_1e-06_0.001,5.0,0.001,1e-06,0.001,0.00043234213842855416
483,SVR_5.0_0.001_1e-06_0.01,5.0,0.001,1e-06,0.01,0.0029924869646532405
484,SVR_5.0_0.001_9.999999999999999e-06_1e-05,5.0,0.001,9.999999999999999e-06,1e-05,0.00019100843039310256
485,SVR_5.0_0.001_9.999999999999999e-06_0.0001,5.0,0.001,9.999999999999999e-06,0.0001,0.00024569253405273275
486,SVR_5.0_0.001_9.999999999999999e-06_0.001,5.0,0.001,9.999999999999999e-06,0.001,0.000433027945214981
487,SVR_5.0_0.001_9.999999999999999e-06_0.01,5.0,0.001,9.999999999999999e-06,0.01,0.0029924869646532405
488,SVR_5.0_0.001_9.999999999999999e-05_1e-05,5.0,0.001,9.999999999999999e-05,1e-05,0.0001940166363755047
489,SVR_5.0_0.001_9.999999999999999e-05_0.0001,5.0,0.001,9.999999999999999e-05,0.0001,0.00023047604212784735
490,SVR_5.0_0.001_9.999999999999999e-05_0.001,5.0,0.001,9.999999999999999e-05,0.001,0.0004351140844868429
491,SVR_5.0_0.001_9.999999999999999e-05_0.01,5.0,0.001,9.999999999999999e-05,0.01,0.0029924869646532405
492,SVR_5.0_0.001_0.001_1e-05,5.0,0.001,0.001,1e-05,0.00018087765499124052
493,SVR_5.0_0.001_0.001_0.0001,5.0,0.001,0.001,0.0001,0.0003034662932861476
494,SVR_5.0_0.001_0.001_0.001,5.0,0.001,0.001,0.001,0.0004866427011565033
495,SVR_5.0_0.001_0.001_0.01,5.0,0.001,0.001,0.01,0.0029924869646532405
496,SVR_5.0_0.001_0.01_1e-05,5.0,0.001,0.01,1e-05,0.0017108202782315728
497,SVR_5.0_0.001_0.01_0.0001,5.0,0.001,0.01,0.0001,0.0017102138472297134
498,SVR_5.0_0.001_0.01_0.001,5.0,0.001,0.01,0.001,0.0013185293166702472
499,SVR_5.0_0.001_0.01_0.01,5.0,0.001,0.01,0.01,0.0029924869646532405
500,SVR_5.0_0.001_0.1_1e-05,5.0,0.001,0.1,1e-05,0.0029924869646532405
501,SVR_5.0_0.001_0.1_0.0001,5.0,0.001,0.1,0.0001,0.0029924869646532405
502,SVR_5.0_0.001_0.1_0.001,5.0,0.001,0.1,0.001,0.0029924869646532405
503,SVR_5.0_0.001_0.1_0.01,5.0,0.001,0.1,0.01,0.0029924869646532405
504,SVR_5.0_0.01_1e-07_1e-05,5.0,0.01,1e-07,1e-05,0.0010335726211152085
505,SVR_5.0_0.01_1e-07_0.0001,5.0,0.01,1e-07,0.0001,0.0011023299522631813
506,SVR_5.0_0.01_1e-07_0.001,5.0,0.01,1e-07,0.001,0.0012748401281875489
507,SVR_5.0_0.01_1e-07_0.01,5.0,0.01,1e-07,0.01,0.0029924869646532405
508,SVR_5.0_0.01_1e-06_1e-05,5.0,0.01,1e-06,1e-05,0.001033483804920321
509,SVR_5.0_0.01_1e-06_0.0001,5.0,0.01,1e-06,0.0001,0.001102243116169177
510,SVR_5.0_0.01_1e-06_0.001,5.0,0.01,1e-06,0.001,0.0012747550030891563
511,SVR_5.0_0.01_1e-06_0.01,5.0,0.01,1e-06,0.01,0.0029924869646532405
512,SVR_5.0_0.01_9.999999999999999e-06_1e-05,5.0,0.01,9.999999999999999e-06,1e-05,0.0010332433563355447
513,SVR_5.0_0.01_9.999999999999999e-06_0.0001,5.0,0.01,9.999999999999999e-06,0.0001,0.0011022223193342118
514,SVR_5.0_0.01_9.999999999999999e-06_0.001,5.0,0.01,9.999999999999999e-06,0.001,0.0012750021620181683
515,SVR_5.0_0.01_9.999999999999999e-06_0.01,5.0,0.01,9.999999999999999e-06,0.01,0.0029924869646532405
516,SVR_5.0_0.01_9.999999999999999e-05_1e-05,5.0,0.01,9.999999999999999e-05,1e-05,0.0010320239210143355
517,SVR_5.0_0.01_9.999999999999999e-05_0.0001,5.0,0.01,9.999999999999999e-05,0.0001,0.0010900166356999196
518,SVR_5.0_0.01_9.999999999999999e-05_0.001,5.0,0.01,9.999999999999999e-05,0.001,0.0012785554440047254
519,SVR_5.0_0.01_9.999999999999999e-05_0.01,5.0,0.01,9.999999999999999e-05,0.01,0.0029924869646532405
520,SVR_5.0_0.01_0.001_1e-05,5.0,0.01,0.001,1e-05,0.0010873167988910027
521,SVR_5.0_0.01_0.001_0.0001,5.0,0.01,0.001,0.0001,0.0011030759699945491
522,SVR_5.0_0.01_0.001_0.001,5.0,0.01,0.001,0.001,0.0012157724163602169
523,SVR_5.0_0.01_0.001_0.01,5.0,0.01,0.001,0.01,0.0029924869646532405
524,SVR_5.0_0.01_0.01_1e-05,5.0,0.01,0.01,1e-05,0.0018443538428722928
525,SVR_5.0_0.01_0.01_0.0001,5.0,0.01,0.01,0.0001,0.001924239214750889
526,SVR_5.0_0.01_0.01_0.001,5.0,0.01,0.01,0.001,0.001848965082445897
527,SVR_5.0_0.01_0.01_0.01,5.0,0.01,0.01,0.01,0.0029924869646532405
528,SVR_5.0_0.01_0.1_1e-05,5.0,0.01,0.1,1e-05,0.0029924869646532405
529,SVR_5.0_0.01_0.1_0.0001,5.0,0.01,0.1,0.0001,0.0029924869646532405
530,SVR_5.0_0.01_0.1_0.001,5.0,0.01,0.1,0.001,0.0029924869646532405
531,SVR_5.0_0.01_0.1_0.01,5.0,0.01,0.1,0.01,0.0029924869646532405
532,SVR_5.0_0.1_1e-07_1e-05,5.0,0.1,1e-07,1e-05,0.002819701953096443
533,SVR_5.0_0.1_1e-07_0.0001,5.0,0.1,1e-07,0.0001,0.0028469272013246895
534,SVR_5.0_0.1_1e-07_0.001,5.0,0.1,1e-07,0.001,0.0029040910692476273
535,SVR_5.0_0.1_1e-07_0.01,5.0,0.1,1e-07,0.01,0.0029924869646532405
536,SVR_5.0_0.1_1e-06_1e-05,5.0,0.1,1e-06,1e-05,0.002819689624679178
537,SVR_5.0_0.1_1e-06_0.0001,5.0,0.1,1e-06,0.0001,0.0028468482536194717
538,SVR_5.0_0.1_1e-06_0.001,5.0,0.1,1e-06,0.001,0.002903988431432536
539,SVR_5.0_0.1_1e-06_0.01,5.0,0.1,1e-06,0.01,0.0029924869646532405
540,SVR_5.0_0.1_9.999999999999999e-06_1e-05,5.0,0.1,9.999999999999999e-06,1e-05,0.0028192054594939455
541,SVR_5.0_0.1_9.999999999999999e-06_0.0001,5.0,0.1,9.999999999999999e-06,0.0001,0.002847872447314437
542,SVR_5.0_0.1_9.999999999999999e-06_0.001,5.0,0.1,9.999999999999999e-06,0.001,0.0029042300968697534
543,SVR_5.0_0.1_9.999999999999999e-06_0.01,5.0,0.1,9.999999999999999e-06,0.01,0.0029924869646532405
544,SVR_5.0_0.1_9.999999999999999e-05_1e-05,5.0,0.1,9.999999999999999e-05,1e-05,0.0028248828191075326
545,SVR_5.0_0.1_9.999999999999999e-05_0.0001,5.0,0.1,9.999999999999999e-05,0.0001,0.0028542819028944512
546,SVR_5.0_0.1_9.999999999999999e-05_0.001,5.0,0.1,9.999999999999999e-05,0.001,0.002909778907422744
547,SVR_5.0_0.1_9.999999999999999e-05_0.01,5.0,0.1,9.999999999999999e-05,0.01,0.0029924869646532405
548,SVR_5.0_0.1_0.001_1e-05,5.0,0.1,0.001,1e-05,0.0028789154520109774
549,SVR_5.0_0.1_0.001_0.0001,5.0,0.1,0.001,0.0001,0.0028872708873779462
550,SVR_5.0_0.1_0.001_0.001,5.0,0.1,0.001,0.001,0.0028784175732568863
551,SVR_5.0_0.1_0.001_0.01,5.0,0.1,0.001,0.01,0.0029924869646532405
552,SVR_5.0_0.1_0.01_1e-05,5.0,0.1,0.01,1e-05,0.0032806440534121073
553,SVR_5.0_0.1_0.01_0.0001,5.0,0.1,0.01,0.0001,0.0033379934068514584
554,SVR_5.0_0.1_0.01_0.001,5.0,0.1,0.01,0.001,0.0032089638330718095
555,SVR_5.0_0.1_0.01_0.01,5.0,0.1,0.01,0.01,0.0029924869646532405
556,SVR_5.0_0.1_0.1_1e-05,5.0,0.1,0.1,1e-05,0.0029924869646532405
557,SVR_5.0_0.1_0.1_0.0001,5.0,0.1,0.1,0.0001,0.0029924869646532405
558,SVR_5.0_0.1_0.1_0.001,5.0,0.1,0.1,0.001,0.0029924869646532405
559,SVR_5.0_0.1_0.1_0.01,5.0,0.1,0.1,0.01,0.0029924869646532405
560,SVR_50.0_1e-05_1e-07_1e-05,50.0,1e-05,1e-07,1e-05,0.00018306266634375844
561,SVR_50.0_1e-05_1e-07_0.0001,50.0,1e-05,1e-07,0.0001,0.00020444775804153714
562,SVR_50.0_1e-05_1e-07_0.001,50.0,1e-05,1e-07,0.001,0.0006518719190015343
563,SVR_50.0_1e-05_1e-07_0.01,50.0,1e-05,1e-07,0.01,0.0029924869646532405
564,SVR_50.0_1e-05_1e-06_1e-05,50.0,1e-05,1e-06,1e-05,0.000182983660053182
565,SVR_50.0_1e-05_1e-06_0.0001,50.0,1e-05,1e-06,0.0001,0.00020403777248749754
566,SVR_50.0_1e-05_1e-06_0.001,50.0,1e-05,1e-06,0.001,0.0006517627890957999
567,SVR_50.0_1e-05_1e-06_0.01,50.0,1e-05,1e-06,0.01,0.0029924869646532405
568,SVR_50.0_1e-05_9.999999999999999e-06_1e-05,50.0,1e-05,9.999999999999999e-06,1e-05,0.00018492453742511295
569,SVR_50.0_1e-05_9.999999999999999e-06_0.0001,50.0,1e-05,9.999999999999999e-06,0.0001,0.00018232087360612326
570,SVR_50.0_1e-05_9.999999999999999e-06_0.001,50.0,1e-05,9.999999999999999e-06,0.001,0.0006494600212104018
571,SVR_50.0_1e-05_9.999999999999999e-06_0.01,50.0,1e-05,9.999999999999999e-06,0.01,0.0029924869646532405
572,SVR_50.0_1e-05_9.999999999999999e-05_1e-05,50.0,1e-05,9.999999999999999e-05,1e-05,0.0001688092734943858
573,SVR_50.0_1e-05_9.999999999999999e-05_0.0001,50.0,1e-05,9.999999999999999e-05,0.0001,0.00019038358220653252
574,SVR_50.0_1e-05_9.999999999999999e-05_0.001,50.0,1e-05,9.999999999999999e-05,0.001,0.0006453105056343667
575,SVR_50.0_1e-05_9.999999999999999e-05_0.01,50.0,1e-05,9.999999999999999e-05,0.01,0.0029924869646532405
576,SVR_50.0_1e-05_0.001_1e-05,50.0,1e-05,0.001,1e-05,0.00013221499286388826
577,SVR_50.0_1e-05_0.001_0.0001,50.0,1e-05,0.001,0.0001,5.327523771727627e-05
578,SVR_50.0_1e-05_0.001_0.001,50.0,1e-05,0.001,0.001,0.00065125875187797
579,SVR_50.0_1e-05_0.001_0.01,50.0,1e-05,0.001,0.01,0.0029924869646532405
580,SVR_50.0_1e-05_0.01_1e-05,50.0,1e-05,0.01,1e-05,0.00102889296556552
581,SVR_50.0_1e-05_0.01_0.0001,50.0,1e-05,0.01,0.0001,0.0009777256507288445
582,SVR_50.0_1e-05_0.01_0.001,50.0,1e-05,0.01,0.001,0.0007535834369742477
583,SVR_50.0_1e-05_0.01_0.01,50.0,1e-05,0.01,0.01,0.0029924869646532405
584,SVR_50.0_1e-05_0.1_1e-05,50.0,1e-05,0.1,1e-05,0.0029924869646532405
585,SVR_50.0_1e-05_0.1_0.0001,50.0,1e-05,0.1,0.0001,0.0029924869646532405
586,SVR_50.0_1e-05_0.1_0.001,50.0,1e-05,0.1,0.001,0.0029924869646532405
587,SVR_50.0_1e-05_0.1_0.01,50.0,1e-05,0.1,0.01,0.0029924869646532405
588,SVR_50.0_0.0001_1e-07_1e-05,50.0,0.0001,1e-07,1e-05,0.00019899669286367329
589,SVR_50.0_0.0001_1e-07_0.0001,50.0,0.0001,1e-07,0.0001,0.00014738437419290485
590,SVR_50.0_0.0001_1e-07_0.001,50.0,0.0001,1e-07,0.001,0.0005331006547100614
591,SVR_50.0_0.0001_1e-07_0.01,50.0,0.0001,1e-07,0.01,0.0029924869646532405
592,SVR_50.0_0.0001_1e-06_1e-05,50.0,0.0001,1e-06,1e-05,0.0001989179479313208
593,SVR_50.0_0.0001_1e-06_0.0001,50.0,0.0001,1e-06,0.0001,0.0001475513422877217
594,SVR_50.0_0.0001_1e-06_0.001,50.0,0.0001,1e-06,0.001,0.0005330280083648553
595,SVR_50.0_0.0001_1e-06_0.01,50.0,0.0001,1e-06,0.01,0.0029924869646532405
596,SVR_50.0_0.0001_9.999999999999999e-06_1e-05,50.0,0.0001,9.999999999999999e-06,1e-05,0.00019774132256480392
597,SVR_50.0_0.0001_9.999999999999999e-06_0.0001,50.0,0.0001,9.999999999999999e-06,0.0001,0.0001496229111490166
598,SVR_50.0_0.0001_9.999999999999999e-06_0.001,50.0,0.0001,9.999999999999999e-06,0.001,0.0005326969145936112
599,SVR_50.0_0.0001_9.999999999999999e-06_0.01,50.0,0.0001,9.999999999999999e-06,0.01,0.0029924869646532405
600,SVR_50.0_0.0001_9.999999999999999e-05_1e-05,50.0,0.0001,9.999999999999999e-05,1e-05,0.00015863684094123974
601,SVR_50.0_0.0001_9.999999999999999e-05_0.0001,50.0,0.0001,9.999999999999999e-05,0.0001,0.00020547797938097467
602,SVR_50.0_0.0001_9.999999999999999e-05_0.001,50.0,0.0001,9.999999999999999e-05,0.001,0.0005348517925364505
603,SVR_50.0_0.0001_9.999999999999999e-05_0.01,50.0,0.0001,9.999999999999999e-05,0.01,0.0029924869646532405
604,SVR_50.0_0.0001_0.001_1e-05,50.0,0.0001,0.001,1e-05,0.0002097879396953939
605,SVR_50.0_0.0001_0.001_0.0001,50.0,0.0001,0.001,0.0001,0.0002048016357593774
606,SVR_50.0_0.0001_0.001_0.001,50.0,0.0001,0.001,0.001,0.0004706976546852371
607,SVR_50.0_0.0001_0.001_0.01,50.0,0.0001,0.001,0.01,0.0029924869646532405
608,SVR_50.0_0.0001_0.01_1e-05,50.0,0.0001,0.01,1e-05,0.0010524620235271343
609,SVR_50.0_0.0001_0.01_0.0001,50.0,0.0001,0.01,0.0001,0.0010340644082210471
610,SVR_50.0_0.0001_0.01_0.001,50.0,0.0001,0.01,0.001,0.0007574721421384379
611,SVR_50.0_0.0001_0.01_0.01,50.0,0.0001,0.01,0.01,0.0029924869646532405
612,SVR_50.0_0.0001_0.1_1e-05,50.0,0.0001,0.1,1e-05,0.0029924869646532405
613,SVR_50.0_0.0001_0.1_0.0001,50.0,0.0001,0.1,0.0001,0.0029924869646532405
614,SVR_50.0_0.0001_0.1_0.001,50.0,0.0001,0.1,0.001,0.0029924869646532405
615,SVR_50.0_0.0001_0.1_0.01,50.0,0.0001,0.1,0.01,0.0029924869646532405
616,SVR_50.0_0.001_1e-07_1e-05,50.0,0.001,1e-07,1e-05,0.00019327048180453054
617,SVR_50.0_0.001_1e-07_0.0001,50.0,0.001,1e-07,0.0001,0.0002459880139813464
618,SVR_50.0_0.001_1e-07_0.001,50.0,0.001,1e-07,0.001,0.0004322999711555475
619,SVR_50.0_0.001_1e-07_0.01,50.0,0.001,1e-07,0.01,0.0029924869646532405
620,SVR_50.0_0.001_1e-06_1e-05,50.0,0.001,1e-06,1e-05,0.00019324530650282056
621,SVR_50.0_0.001_1e-06_0.0001,50.0,0.001,1e-06,0.0001,0.000245940202598538
622,SVR_50.0_0.001_1e-06_0.001,50.0,0.001,1e-06,0.001,0.0004323421384325954
623,SVR_50.0_0.001_1e-06_0.01,50.0,0.001,1e-06,0.01,0.0029924869646532405
624,SVR_50.0_0.001_9.999999999999999e-06_1e-05,50.0,0.001,9.999999999999999e-06,1e-05,0.00019100843040442683
625,SVR_50.0_0.001_9.999999999999999e-06_0.0001,50.0,0.001,9.999999999999999e-06,0.0001,0.00024569253405197776
626,SVR_50.0_0.001_9.999999999999999e-06_0.001,50.0,0.001,9.999999999999999e-06,0.001,0.00043302794521467015
627,SVR_50.0_0.001_9.999999999999999e-06_0.01,50.0,0.001,9.999999999999999e-06,0.01,0.0029924869646532405
628,SVR_50.0_0.001_9.999999999999999e-05_1e-05,50.0,0.001,9.999999999999999e-05,1e-05,0.00019401663637865773
629,SVR_50.0_0.001_9.999999999999999e-05_0.0001,50.0,0.001,9.999999999999999e-05,0.0001,0.00023047604213419782
630,SVR_50.0_0.001_9.999999999999999e-05_0.001,50.0,0.001,9.999999999999999e-05,0.001,0.00043511408449572466
631,SVR_50.0_0.001_9.999999999999999e-05_0.01,50.0,0.001,9.999999999999999e-05,0.01,0.0029924869646532405
632,SVR_50.0_0.001_0.001_1e-05,50.0,0.001,0.001,1e-05,0.00018087765500114373
633,SVR_50.0_0.001_0.001_0.0001,50.0,0.001,0.001,0.0001,0.00030346629330244566
634,SVR_50.0_0.001_0.001_0.001,50.0,0.001,0.001,0.001,0.0004866427011658736
635,SVR_50.0_0.001_0.001_0.01,50.0,0.001,0.001,0.01,0.0029924869646532405
636,SVR_50.0_0.001_0.01_1e-05,50.0,0.001,0.01,1e-05,0.0017108202782288196
637,SVR_50.0_0.001_0.01_0.0001,50.0,0.001,0.01,0.0001,0.0017102138472248284
638,SVR_50.0_0.001_0.01_0.001,50.0,0.001,0.01,0.001,0.0013185293166709578
639,SVR_50.0_0.001_0.01_0.01,50.0,0.001,0.01,0.01,0.0029924869646532405
640,SVR_50.0_0.001_0.1_1e-05,50.0,0.001,0.1,1e-05,0.0029924869646532405
641,SVR_50.0_0.001_0.1_0.0001,50.0,0.001,0.1,0.0001,0.0029924869646532405
642,SVR_50.0_0.001_0.1_0.001,50.0,0.001,0.1,0.001,0.0029924869646532405
643,SVR_50.0_0.001_0.1_0.01,50.0,0.001,0.1,0.01,0.0029924869646532405
644,SVR_50.0_0.01_1e-07_1e-05,50.0,0.01,1e-07,1e-05,0.0010335726211195607
645,SVR_50.0_0.01_1e-07_0.0001,50.0,0.01,1e-07,0.0001,0.0011023299522666453
646,SVR_50.0_0.01_1e-07_0.001,50.0,0.01,1e-07,0.001,0.001274856239073019
647,SVR_50.0_0.01_1e-07_0.01,50.0,0.01,1e-07,0.01,0.0029924869646532405
648,SVR_50.0_0.01_1e-06_1e-05,50.0,0.01,1e-06,1e-05,0.001033483804921298
649,SVR_50.0_0.01_1e-06_0.0001,50.0,0.01,1e-06,0.0001,0.001102243116176016
650,SVR_50.0_0.01_1e-06_0.001,50.0,0.01,1e-06,0.001,0.001275022885922894
651,SVR_50.0_0.01_1e-06_0.01,50.0,0.01,1e-06,0.01,0.0029924869646532405
652,SVR_50.0_0.01_9.999999999999999e-06_1e-05,50.0,0.01,9.999999999999999e-06,1e-05,0.0010332433563359888
653,SVR_50.0_0.01_9.999999999999999e-06_0.0001,50.0,0.01,9.999999999999999e-06,0.0001,0.001102222319339452
654,SVR_50.0_0.01_9.999999999999999e-06_0.001,50.0,0.01,9.999999999999999e-06,0.001,0.001274996469934253
655,SVR_50.0_0.01_9.999999999999999e-06_0.01,50.0,0.01,9.999999999999999e-06,0.01,0.0029924869646532405
656,SVR_50.0_0.01_9.999999999999999e-05_1e-05,50.0,0.01,9.999999999999999e-05,1e-05,0.0010320239210135362
657,SVR_50.0_0.01_9.999999999999999e-05_0.0001,50.0,0.01,9.999999999999999e-05,0.0001,0.0010900166357000086
658,SVR_50.0_0.01_9.999999999999999e-05_0.001,50.0,0.01,9.999999999999999e-05,0.001,0.0012785554440078784
659,SVR_50.0_0.01_9.999999999999999e-05_0.01,50.0,0.01,9.999999999999999e-05,0.01,0.0029924869646532405
660,SVR_50.0_0.01_0.001_1e-05,50.0,0.01,0.001,1e-05,0.0010873167988933118
661,SVR_50.0_0.01_0.001_0.0001,50.0,0.01,0.001,0.0001,0.0011030759699961479
662,SVR_50.0_0.01_0.001_0.001,50.0,0.01,0.001,0.001,0.0012157724163645689
663,SVR_50.0_0.01_0.001_0.01,50.0,0.01,0.001,0.01,0.0029924869646532405
664,SVR_50.0_0.01_0.01_1e-05,50.0,0.01,0.01,1e-05,0.0018443538428752238
665,SVR_50.0_0.01_0.01_0.0001,50.0,0.01,0.01,0.0001,0.0019242392147542642
666,SVR_50.0_0.01_0.01_0.001,50.0,0.01,0.01,0.001,0.0018489650824442983
667,SVR_50.0_0.01_0.01_0.01,50.0,0.01,0.01,0.01,0.0029924869646532405
668,SVR_50.0_0.01_0.1_1e-05,50.0,0.01,0.1,1e-05,0.0029924869646532405
669,SVR_50.0_0.01_0.1_0.0001,50.0,0.01,0.1,0.0001,0.0029924869646532405
670,SVR_50.0_0.01_0.1_0.001,50.0,0.01,0.1,0.001,0.0029924869646532405
671,SVR_50.0_0.01_0.1_0.01,50.0,0.01,0.1,0.01,0.0029924869646532405
672,SVR_50.0_0.1_1e-07_1e-05,50.0,0.1,1e-07,1e-05,0.002819701953096754
673,SVR_50.0_0.1_1e-07_0.0001,50.0,0.1,1e-07,0.0001,0.0028469272013237567
674,SVR_50.0_0.1_1e-07_0.001,50.0,0.1,1e-07,0.001,0.002904091074794346
675,SVR_50.0_0.1_1e-07_0.01,50.0,0.1,1e-07,0.01,0.0029924869646532405
676,SVR_50.0_0.1_1e-06_1e-05,50.0,0.1,1e-06,1e-05,0.0028196896246786007
677,SVR_50.0_0.1_1e-06_0.0001,50.0,0.1,1e-06,0.0001,0.0028468482536185393
678,SVR_50.0_0.1_1e-06_0.001,50.0,0.1,1e-06,0.001,0.002903988431432447
679,SVR_50.0_0.1_1e-06_0.01,50.0,0.1,1e-06,0.01,0.0029924869646532405
680,SVR_50.0_0.1_9.999999999999999e-06_1e-05,50.0,0.1,9.999999999999999e-06,1e-05,0.0028192054594919913
681,SVR_50.0_0.1_9.999999999999999e-06_0.0001,50.0,0.1,9.999999999999999e-06,0.0001,0.0028478724473131488
682,SVR_50.0_0.1_9.999999999999999e-06_0.001,50.0,0.1,9.999999999999999e-06,0.001,0.0029042300968687763
683,SVR_50.0_0.1_9.999999999999999e-06_0.01,50.0,0.1,9.999999999999999e-06,0.01,0.0029924869646532405
684,SVR_50.0_0.1_9.999999999999999e-05_1e-05,50.0,0.1,9.999999999999999e-05,1e-05,0.002824882819107577
685,SVR_50.0_0.1_9.999999999999999e-05_0.0001,50.0,0.1,9.999999999999999e-05,0.0001,0.0028542819028939625
686,SVR_50.0_0.1_9.999999999999999e-05_0.001,50.0,0.1,9.999999999999999e-05,0.001,0.0029097789074223
687,SVR_50.0_0.1_9.999999999999999e-05_0.01,50.0,0.1,9.999999999999999e-05,0.01,0.0029924869646532405
688,SVR_50.0_0.1_0.001_1e-05,50.0,0.1,0.001,1e-05,0.0028789154520102666
689,SVR_50.0_0.1_0.001_0.0001,50.0,0.1,0.001,0.0001,0.0028872708873776353
690,SVR_50.0_0.1_0.001_0.001,50.0,0.1,0.001,0.001,0.002878956164089752
691,SVR_50.0_0.1_0.001_0.01,50.0,0.1,0.001,0.01,0.0029924869646532405
692,SVR_50.0_0.1_0.01_1e-05,50.0,0.1,0.01,1e-05,0.0032806440534121073
693,SVR_50.0_0.1_0.01_0.0001,50.0,0.1,0.01,0.0001,0.0033379934068514584
694,SVR_50.0_0.1_0.01_0.001,50.0,0.1,0.01,0.001,0.003208963833071632
695,SVR_50.0_0.1_0.01_0.01,50.0,0.1,0.01,0.01,0.0029924869646532405
696,SVR_50.0_0.1_0.1_1e-05,50.0,0.1,0.1,1e-05,0.0029924869646532405
697,SVR_50.0_0.1_0.1_0.0001,50.0,0.1,0.1,0.0001,0.0029924869646532405
698,SVR_50.0_0.1_0.1_0.001,50.0,0.1,0.1,0.001,0.0029924869646532405
699,SVR_50.0_0.1_0.1_0.01,50.0,0.1,0.1,0.01,0.0029924869646532405
700,SVR_500.0_1e-05_1e-07_1e-05,500.0,1e-05,1e-07,1e-05,0.0001792409147331142
701,SVR_500.0_1e-05_1e-07_0.0001,500.0,1e-05,1e-07,0.0001,0.0002711710261035005
702,SVR_500.0_1e-05_1e-07_0.001,500.0,1e-05,1e-07,0.001,0.0006518704784306717
703,SVR_500.0_1e-05_1e-07_0.01,500.0,1e-05,1e-07,0.01,0.0029924869646532405
704,SVR_500.0_1e-05_1e-06_1e-05,500.0,1e-05,1e-06,1e-05,0.00017888438895976577
705,SVR_500.0_1e-05_1e-06_0.0001,500.0,1e-05,1e-06,0.0001,0.00027096987852082144
706,SVR_500.0_1e-05_1e-06_0.001,500.0,1e-05,1e-06,0.001,0.0006517709542721573
707,SVR_500.0_1e-05_1e-06_0.01,500.0,1e-05,1e-06,0.01,0.0029924869646532405
708,SVR_500.0_1e-05_9.999999999999999e-06_1e-05,500.0,1e-05,9.999999999999999e-06,1e-05,0.00017728631809155182
709,SVR_500.0_1e-05_9.999999999999999e-06_0.0001,500.0,1e-05,9.999999999999999e-06,0.0001,0.00026877760140719964
710,SVR_500.0_1e-05_9.999999999999999e-06_0.001,500.0,1e-05,9.999999999999999e-06,0.001,0.0006494459824231136
711,SVR_500.0_1e-05_9.999999999999999e-06_0.01,500.0,1e-05,9.999999999999999e-06,0.01,0.0029924869646532405
712,SVR_500.0_1e-05_9.999999999999999e-05_1e-05,500.0,1e-05,9.999999999999999e-05,1e-05,0.00018959784729544182
713,SVR_500.0_1e-05_9.999999999999999e-05_0.0001,500.0,1e-05,9.999999999999999e-05,0.0001,0.00026719536938424326
714,SVR_500.0_1e-05_9.999999999999999e-05_0.001,500.0,1e-05,9.999999999999999e-05,0.001,0.0006483681882900605
715,SVR_500.0_1e-05_9.999999999999999e-05_0.01,500.0,1e-05,9.999999999999999e-05,0.01,0.0029924869646532405
716,SVR_500.0_1e-05_0.001_1e-05,500.0,1e-05,0.001,1e-05,0.00013221499400786207
717,SVR_500.0_1e-05_0.001_0.0001,500.0,1e-05,0.001,0.0001,5.327523741742724e-05
718,SVR_500.0_1e-05_0.001_0.001,500.0,1e-05,0.001,0.001,0.0006512587512911505
719,SVR_500.0_1e-05_0.001_0.01,500.0,1e-05,0.001,0.01,0.0029924869646532405
720,SVR_500.0_1e-05_0.01_1e-05,500.0,1e-05,0.01,1e-05,0.0010288929654646227
721,SVR_500.0_1e-05_0.01_0.0001,500.0,1e-05,0.01,0.0001,0.0009777256506052101
722,SVR_500.0_1e-05_0.01_0.001,500.0,1e-05,0.01,0.001,0.000753583436927352
723,SVR_500.0_1e-05_0.01_0.01,500.0,1e-05,0.01,0.01,0.0029924869646532405
724,SVR_500.0_1e-05_0.1_1e-05,500.0,1e-05,0.1,1e-05,0.0029924869646532405
725,SVR_500.0_1e-05_0.1_0.0001,500.0,1e-05,0.1,0.0001,0.0029924869646532405
726,SVR_500.0_1e-05_0.1_0.001,500.0,1e-05,0.1,0.001,0.0029924869646532405
727,SVR_500.0_1e-05_0.1_0.01,500.0,1e-05,0.1,0.01,0.0029924869646532405
728,SVR_500.0_0.0001_1e-07_1e-05,500.0,0.0001,1e-07,1e-05,0.00018954592894293576
729,SVR_500.0_0.0001_1e-07_0.0001,500.0,0.0001,1e-07,0.0001,0.00014738437442347597
730,SVR_500.0_0.0001_1e-07_0.001,500.0,0.0001,1e-07,0.001,0.000533106066238176
731,SVR_500.0_0.0001_1e-07_0.01,500.0,0.0001,1e-07,0.01,0.0029924869646532405
732,SVR_500.0_0.0001_1e-06_1e-05,500.0,0.0001,1e-06,1e-05,0.00018944512612821817
733,SVR_500.0_0.0001_1e-06_0.0001,500.0,0.0001,1e-06,0.0001,0.00014755134287640636
734,SVR_500.0_0.0001_1e-06_0.001,500.0,0.0001,1e-06,0.001,0.0005330416867225906
735,SVR_500.0_0.0001_1e-06_0.01,500.0,0.0001,1e-06,0.01,0.0029924869646532405
736,SVR_500.0_0.0001_9.999999999999999e-06_1e-05,500.0,0.0001,9.999999999999999e-06,1e-05,0.00018855798060837258
737,SVR_500.0_0.0001_9.999999999999999e-06_0.0001,500.0,0.0001,9.999999999999999e-06,0.0001,0.00014962291114084536
738,SVR_500.0_0.0001_9.999999999999999e-06_0.001,500.0,0.0001,9.999999999999999e-06,0.001,0.0005326969139979098
739,SVR_500.0_0.0001_9.999999999999999e-06_0.01,500.0,0.0001,9.999999999999999e-06,0.01,0.0029924869646532405
740,SVR_500.0_0.0001_9.999999999999999e-05_1e-05,500.0,0.0001,9.999999999999999e-05,1e-05,0.00015863684096149023
741,SVR_500.0_0.0001_9.999999999999999e-05_0.0001,500.0,0.0001,9.999999999999999e-05,0.0001,0.0002054779796285988
742,SVR_500.0_0.0001_9.999999999999999e-05_0.001,500.0,0.0001,9.999999999999999e-05,0.001,0.00053485179241326
743,SVR_500.0_0.0001_9.999999999999999e-05_0.01,500.0,0.0001,9.999999999999999e-05,0.01,0.0029924869646532405
744,SVR_500.0_0.0001_0.001_1e-05,500.0,0.0001,0.001,1e-05,0.00020978793949395503
745,SVR_500.0_0.0001_0.001_0.0001,500.0,0.0001,0.001,0.0001,0.00020480163596721114
746,SVR_500.0_0.0001_0.001_0.001,500.0,0.0001,0.001,0.001,0.00047069765483294114
747,SVR_500.0_0.0001_0.001_0.01,500.0,0.0001,0.001,0.01,0.0029924869646532405
748,SVR_500.0_0.0001_0.01_1e-05,500.0,0.0001,0.01,1e-05,0.0010524620234491522
749,SVR_500.0_0.0001_0.01_0.0001,500.0,0.0001,0.01,0.0001,0.0010340644082812655
750,SVR_500.0_0.0001_0.01_0.001,500.0,0.0001,0.01,0.001,0.0007574721421311992
751,SVR_500.0_0.0001_0.01_0.01,500.0,0.0001,0.01,0.01,0.0029924869646532405
752,SVR_500.0_0.0001_0.1_1e-05,500.0,0.0001,0.1,1e-05,0.0029924869646532405
753,SVR_500.0_0.0001_0.1_0.0001,500.0,0.0001,0.1,0.0001,0.0029924869646532405
754,SVR_500.0_0.0001_0.1_0.001,500.0,0.0001,0.1,0.001,0.0029924869646532405
755,SVR_500.0_0.0001_0.1_0.01,500.0,0.0001,0.1,0.01,0.0029924869646532405
756,SVR_500.0_0.001_1e-07_1e-05,500.0,0.001,1e-07,1e-05,0.000193270481866481
757,SVR_500.0_0.001_1e-07_0.0001,500.0,0.001,1e-07,0.0001,0.0002459880139892956
758,SVR_500.0_0.001_1e-07_0.001,500.0,0.001,1e-07,0.001,0.0004322999710168585
759,SVR_500.0_0.001_1e-07_0.01,500.0,0.001,1e-07,0.01,0.0029924869646532405
760,SVR_500.0_0.001_1e-06_1e-05,500.0,0.001,1e-06,1e-05,0.0001932453064965589
761,SVR_500.0_0.001_1e-06_0.0001,500.0,0.001,1e-06,0.0001,0.00024594020268322583
762,SVR_500.0_0.001_1e-06_0.001,500.0,0.001,1e-06,0.001,0.00043234213835954274
763,SVR_500.0_0.001_1e-06_0.01,500.0,0.001,1e-06,0.01,0.0029924869646532405
764,SVR_500.0_0.001_9.999999999999999e-06_1e-05,500.0,0.001,9.999999999999999e-06,1e-05,0.00019100843049479899
765,SVR_500.0_0.001_9.999999999999999e-06_0.0001,500.0,0.001,9.999999999999999e-06,0.0001,0.0002456925341139282
766,SVR_500.0_0.001_9.999999999999999e-06_0.001,500.0,0.001,9.999999999999999e-06,0.001,0.0004330279451313146
767,SVR_500.0_0.001_9.999999999999999e-06_0.01,500.0,0.001,9.999999999999999e-06,0.01,0.0029924869646532405
768,SVR_500.0_0.001_9.999999999999999e-05_1e-05,500.0,0.001,9.999999999999999e-05,1e-05,0.0001940166363979756
769,SVR_500.0_0.001_9.999999999999999e-05_0.0001,500.0,0.001,9.999999999999999e-05,0.0001,0.00023047604211656747
770,SVR_500.0_0.001_9.999999999999999e-05_0.001,500.0,0.001,9.999999999999999e-05,0.001,0.0004351140843626755
771,SVR_500.0_0.001_9.999999999999999e-05_0.01,500.0,0.001,9.999999999999999e-05,0.01,0.0029924869646532405
772,SVR_500.0_0.001_0.001_1e-05,500.0,0.001,0.001,1e-05,0.00018087765489434028
773,SVR_500.0_0.001_0.001_0.0001,500.0,0.001,0.001,0.0001,0.0003034662933964594
774,SVR_500.0_0.001_0.001_0.001,500.0,0.001,0.001,0.001,0.0004866427010619123
775,SVR_500.0_0.001_0.001_0.01,500.0,0.001,0.001,0.01,0.0029924869646532405
776,SVR_500.0_0.001_0.01_1e-05,500.0,0.001,0.01,1e-05,0.0017108202781267235
777,SVR_500.0_0.001_0.01_0.0001,500.0,0.001,0.01,0.0001,0.0017102138472293138
778,SVR_500.0_0.001_0.01_0.001,500.0,0.001,0.01,0.001,0.0013185293166624312
779,SVR_500.0_0.001_0.01_0.01,500.0,0.001,0.01,0.01,0.0029924869646532405
780,SVR_500.0_0.001_0.1_1e-05,500.0,0.001,0.1,1e-05,0.0029924869646532405
781,SVR_500.0_0.001_0.1_0.0001,500.0,0.001,0.1,0.0001,0.0029924869646532405
782,SVR_500.0_0.001_0.1_0.001,500.0,0.001,0.1,0.001,0.0029924869646532405
783,SVR_500.0_0.001_0.1_0.01,500.0,0.001,0.1,0.01,0.0029924869646532405
784,SVR_500.0_0.01_1e-07_1e-05,500.0,0.01,1e-07,1e-05,0.0010335726211140096
785,SVR_500.0_0.01_1e-07_0.0001,500.0,0.01,1e-07,0.0001,0.0011023299523179376
786,SVR_500.0_0.01_1e-07_0.001,500.0,0.01,1e-07,0.001,0.0012748568272005212
787,SVR_500.0_0.01_1e-07_0.01,500.0,0.01,1e-07,0.01,0.0029924869646532405
788,SVR_500.0_0.01_1e-06_1e-05,500.0,0.01,1e-06,1e-05,0.0010334838048944306
789,SVR_500.0_0.01_1e-06_0.0001,500.0,0.01,1e-06,0.0001,0.001102243116221624
790,SVR_500.0_0.01_1e-06_0.001,500.0,0.01,1e-06,0.001,0.0012750225683998196
791,SVR_500.0_0.01_1e-06_0.01,500.0,0.01,1e-06,0.01,0.0029924869646532405
792,SVR_500.0_0.01_9.999999999999999e-06_1e-05,500.0,0.01,9.999999999999999e-06,1e-05,0.0010332433563588594
793,SVR_500.0_0.01_9.999999999999999e-06_0.0001,500.0,0.01,9.999999999999999e-06,0.0001,0.0011022223193665858
794,SVR_500.0_0.01_9.999999999999999e-06_0.001,500.0,0.01,9.999999999999999e-06,0.001,0.0012749964699116044
795,SVR_500.0_0.01_9.999999999999999e-06_0.01,500.0,0.01,9.999999999999999e-06,0.01,0.0029924869646532405
796,SVR_500.0_0.01_9.999999999999999e-05_1e-05,500.0,0.01,9.999999999999999e-05,1e-05,0.001032023921071934
797,SVR_500.0_0.01_9.999999999999999e-05_0.0001,500.0,0.01,9.999999999999999e-05,0.0001,0.0010900166357569851
798,SVR_500.0_0.01_9.999999999999999e-05_0.001,500.0,0.01,9.999999999999999e-05,0.001,0.0012785554439735058
799,SVR_500.0_0.01_9.999999999999999e-05_0.01,500.0,0.01,9.999999999999999e-05,0.01,0.0029924869646532405
800,SVR_500.0_0.01_0.001_1e-05,500.0,0.01,0.001,1e-05,0.0010873167989280841
801,SVR_500.0_0.01_0.001_0.0001,500.0,0.01,0.001,0.0001,0.0011030759700039194
802,SVR_500.0_0.01_0.001_0.001,500.0,0.01,0.001,0.001,0.0012157724163357475
803,SVR_500.0_0.01_0.001_0.01,500.0,0.01,0.001,0.01,0.0029924869646532405
804,SVR_500.0_0.01_0.01_1e-05,500.0,0.01,0.01,1e-05,0.0018443538428675854
805,SVR_500.0_0.01_0.01_0.0001,500.0,0.01,0.01,0.0001,0.0019242392147423627
806,SVR_500.0_0.01_0.01_0.001,500.0,0.01,0.01,0.001,0.0018489650824370153
807,SVR_500.0_0.01_0.01_0.01,500.0,0.01,0.01,0.01,0.0029924869646532405
808,SVR_500.0_0.01_0.1_1e-05,500.0,0.01,0.1,1e-05,0.0029924869646532405
809,SVR_500.0_0.01_0.1_0.0001,500.0,0.01,0.1,0.0001,0.0029924869646532405
810,SVR_500.0_0.01_0.1_0.001,500.0,0.01,0.1,0.001,0.0029924869646532405
811,SVR_500.0_0.01_0.1_0.01,500.0,0.01,0.1,0.01,0.0029924869646532405
812,SVR_500.0_0.1_1e-07_1e-05,500.0,0.1,1e-07,1e-05,0.0028197019530894264
813,SVR_500.0_0.1_1e-07_0.0001,500.0,0.1,1e-07,0.0001,0.002846927201316829
814,SVR_500.0_0.1_1e-07_0.001,500.0,0.1,1e-07,0.001,0.0029040910747828
815,SVR_500.0_0.1_1e-07_0.01,500.0,0.1,1e-07,0.01,0.0029924869646532405
816,SVR_500.0_0.1_1e-06_1e-05,500.0,0.1,1e-06,1e-05,0.002819689624678423
817,SVR_500.0_0.1_1e-06_0.0001,500.0,0.1,1e-06,0.0001,0.0028468482536294195
818,SVR_500.0_0.1_1e-06_0.001,500.0,0.1,1e-06,0.001,0.002904162349039785
819,SVR_500.0_0.1_1e-06_0.01,500.0,0.1,1e-06,0.01,0.0029924869646532405
820,SVR_500.0_0.1_9.999999999999999e-06_1e-05,500.0,0.1,9.999999999999999e-06,1e-05,0.0028192054595035376
821,SVR_500.0_0.1_9.999999999999999e-06_0.0001,500.0,0.1,9.999999999999999e-06,0.0001,0.00284787244731004
822,SVR_500.0_0.1_9.999999999999999e-06_0.001,500.0,0.1,9.999999999999999e-06,0.001,0.002904230806649499
823,SVR_500.0_0.1_9.999999999999999e-06_0.01,500.0,0.1,9.999999999999999e-06,0.01,0.0029924869646532405
824,SVR_500.0_0.1_9.999999999999999e-05_1e-05,500.0,0.1,9.999999999999999e-05,1e-05,0.002824882819110508
825,SVR_500.0_0.1_9.999999999999999e-05_0.0001,500.0,0.1,9.999999999999999e-05,0.0001,0.002854281902896982
826,SVR_500.0_0.1_9.999999999999999e-05_0.001,500.0,0.1,9.999999999999999e-05,0.001,0.0029097789074305157
827,SVR_500.0_0.1_9.999999999999999e-05_0.01,500.0,0.1,9.999999999999999e-05,0.01,0.0029924869646532405
828,SVR_500.0_0.1_0.001_1e-05,500.0,0.1,0.001,1e-05,0.002878915452008446
829,SVR_500.0_0.1_0.001_0.0001,500.0,0.1,0.001,0.0001,0.00288727088738181
830,SVR_500.0_0.1_0.001_0.001,500.0,0.1,0.001,0.001,0.0028789561640980123
831,SVR_500.0_0.1_0.001_0.01,500.0,0.1,0.001,0.01,0.0029924869646532405
832,SVR_500.0_0.1_0.01_1e-05,500.0,0.1,0.01,1e-05,0.0032806440534123293
833,SVR_500.0_0.1_0.01_0.0001,500.0,0.1,0.01,0.0001,0.0033379934068514584
834,SVR_500.0_0.1_0.01_0.001,500.0,0.1,0.01,0.001,0.0032089638330709213
835,SVR_500.0_0.1_0.01_0.01,500.0,0.1,0.01,0.01,0.0029924869646532405
836,SVR_500.0_0.1_0.1_1e-05,500.0,0.1,0.1,1e-05,0.0029924869646532405
837,SVR_500.0_0.1_0.1_0.0001,500.0,0.1,0.1,0.0001,0.0029924869646532405
838,SVR_500.0_0.1_0.1_0.001,500.0,0.1,0.1,0.001,0.0029924869646532405
839,SVR_500.0_0.1_0.1_0.01,500.0,0.1,0.1,0.01,0.0029924869646532405
